location_name,FIPS,cause_id,cause_name,year_id,mx
Autauga County,1001,294,All causes,1980,1216.62823584828
,,,,1981,1201.92717125411
,,,,1982,1177.72029474581
,,,,1983,1198.14561194321
,,,,1984,1202.07207097164
,,,,1985,1193.0806554301
,,,,1986,1194.09208608591
,,,,1987,1184.34744078005
,,,,1988,1183.34081807266
,,,,1989,1155.92289051853
,,,,1990,1158.11664434579
,,,,1991,1140.63387567234
,,,,1992,1134.34189036257
,,,,1993,1143.93815135782
,,,,1994,1157.74533921764
,,,,1995,1139.94484205751
,,,,1996,1134.15135498456
,,,,1997,1110.82438713583
,,,,1998,1115.63865655788
,,,,1999,1114.17647564001
,,,,2000,1108.84028444282
,,,,2001,1110.13809861219
,,,,2002,1115.71486331494
,,,,2003,1106.53392958297
,,,,2004,1068.94321507369
,,,,2005,1088.17644352726
,,,,2006,1068.81903294981
,,,,2007,1034.00302642096
,,,,2008,1039.60820280614
,,,,2009,1014.23046639881
,,,,2010,1005.78072499197
,,,,2011,1013.90568780154
,,,,2012,1023.83793308109
,,,,2013,1030.2633100949
,,,,2014,1019.30505907496
Autauga County,1001,296,HIV/AIDS and tuberculosis,1980,0.947979713930011
,,,,1981,0.970395022363754
,,,,1982,0.971228352203283
,,,,1983,1.00347247345707
,,,,1984,1.19891261673545
,,,,1985,1.44468563469278
,,,,1986,1.98489246538699
,,,,1987,3.19550468309694
,,,,1988,4.11046968689974
,,,,1989,5.30232517110252
,,,,1990,6.56531889340652
,,,,1991,7.39567148963454
,,,,1992,8.49442491155222
,,,,1993,9.05721343319534
,,,,1994,10.9733692287329
,,,,1995,10.7450848802156
,,,,1996,7.90904634981737
,,,,1997,4.25268581247593
,,,,1998,3.69064042143813
,,,,1999,3.85624612832512
,,,,2000,3.61500485252454
,,,,2001,3.50136183170316
,,,,2002,3.55553956286268
,,,,2003,3.65444668717308
,,,,2004,3.45904969289107
,,,,2005,3.32092008965693
,,,,2006,3.18953689415545
,,,,2007,3.1580622608924
,,,,2008,2.89928279424426
,,,,2009,2.7253323800042
,,,,2010,2.37373482189551
,,,,2011,2.23787759849299
,,,,2012,2.2229727330803
,,,,2013,2.22891509651882
,,,,2014,2.30496659571225
Autauga County,1001,301,"Diarrhea, lower respiratory, and other common infectious diseases",1980,31.5924610377629
,,,,1981,32.0246491000375
,,,,1982,32.2007206927216
,,,,1983,32.8414646325757
,,,,1984,34.238632086305
,,,,1985,34.4694471289386
,,,,1986,35.8633681222968
,,,,1987,33.9887784568869
,,,,1988,36.3234519603423
,,,,1989,34.8837556144725
,,,,1990,37.3214513342096
,,,,1991,36.5318040674196
,,,,1992,36.2618503989592
,,,,1993,36.2578333201239
,,,,1994,38.8364824908557
,,,,1995,36.7307799059857
,,,,1996,38.0691752864218
,,,,1997,36.1838328620288
,,,,1998,37.2221810218573
,,,,1999,37.469172754745
,,,,2000,35.9505279044633
,,,,2001,36.7713220819719
,,,,2002,36.5330151152836
,,,,2003,37.7076488710827
,,,,2004,35.2830471380747
,,,,2005,35.9833197665262
,,,,2006,35.6606053747161
,,,,2007,35.3036192841202
,,,,2008,36.4755090631892
,,,,2009,34.7427732894489
,,,,2010,34.6870343263196
,,,,2011,35.7117938851381
,,,,2012,37.2289160544619
,,,,2013,38.7069098894259
,,,,2014,36.9182300918842
Autauga County,1001,344,Neglected tropical diseases and malaria,1980,0.047426463927133
,,,,1981,0.0496786145048495
,,,,1982,0.0436664393946907
,,,,1983,0.0408760674118215
,,,,1984,0.0452817175934571
,,,,1985,0.0430896888695421
,,,,1986,0.0385167629601602
,,,,1987,0.0364249413817389
,,,,1988,0.0370323826636462
,,,,1989,0.0338680810196603
,,,,1990,0.0337760668499648
,,,,1991,0.0331351849269043
,,,,1992,0.0296629703878133
,,,,1993,0.0279152381533968
,,,,1994,0.0281107089832536
,,,,1995,0.0253624785642671
,,,,1996,0.0265002209951716
,,,,1997,0.0239549189967524
,,,,1998,0.026755169706832
,,,,1999,0.0282225084978799
,,,,2000,0.0315687405248883
,,,,2001,0.0367219685486842
,,,,2002,0.0466102499570332
,,,,2003,0.0516778430395852
,,,,2004,0.0529742148351255
,,,,2005,0.0561284811367095
,,,,2006,0.0564099383192547
,,,,2007,0.0548069164739805
,,,,2008,0.0539985109361514
,,,,2009,0.049981417892751
,,,,2010,0.0524055768363888
,,,,2011,0.050921883546368
,,,,2012,0.0569240075839488
,,,,2013,0.058536285435125
,,,,2014,0.0521060863017051
Autauga County,1001,366,Maternal disorders,1980,0.234793526409517
,,,,1981,0.229254452034982
,,,,1982,0.209686385363789
,,,,1983,0.216296148304736
,,,,1984,0.22024852680015
,,,,1985,0.208703887232424
,,,,1986,0.232507790638698
,,,,1987,0.23588519483055
,,,,1988,0.250740262876933
,,,,1989,0.245419874475469
,,,,1990,0.25763809677985
,,,,1991,0.273648466833735
,,,,1992,0.25909379714904
,,,,1993,0.264358742856096
,,,,1994,0.279352816867992
,,,,1995,0.236627945099846
,,,,1996,0.234969959031718
,,,,1997,0.21345411633697
,,,,1998,0.217627910472935
,,,,1999,0.215784622937261
,,,,2000,0.216637043107538
,,,,2001,0.231141483956685
,,,,2002,0.24952479011348
,,,,2003,0.273951955129535
,,,,2004,0.280485698295844
,,,,2005,0.306443982535538
,,,,2006,0.325550384508172
,,,,2007,0.318597895664303
,,,,2008,0.337076607159141
,,,,2009,0.336220786970338
,,,,2010,0.314631185575388
,,,,2011,0.325820308003844
,,,,2012,0.321754695157305
,,,,2013,0.342922843717296
,,,,2014,0.316551835014986
Autauga County,1001,380,Neonatal disorders,1980,9.58392561305954
,,,,1981,9.08120225459238
,,,,1982,8.6002957377953
,,,,1983,8.0836353101859
,,,,1984,7.7923349668811
,,,,1985,7.49778271475807
,,,,1986,7.3188610233648
,,,,1987,6.91795777217398
,,,,1988,6.99253519558085
,,,,1989,6.79826989331675
,,,,1990,6.7596584528673
,,,,1991,6.36168052549417
,,,,1992,5.96003745421182
,,,,1993,5.68704620570504
,,,,1994,5.67240187994426
,,,,1995,5.23704220090488
,,,,1996,5.23257580625447
,,,,1997,5.06655247102145
,,,,1998,5.31172502224748
,,,,1999,5.31202951580297
,,,,2000,5.25987802866458
,,,,2001,5.26406000005883
,,,,2002,5.37376433745198
,,,,2003,5.50762030769425
,,,,2004,5.40943054770625
,,,,2005,5.55453702896884
,,,,2006,5.5749390342788
,,,,2007,5.58975200982232
,,,,2008,5.54243782668679
,,,,2009,5.10326168657027
,,,,2010,4.83205088056335
,,,,2011,4.71972523969109
,,,,2012,4.78176423441243
,,,,2013,4.81527695320669
,,,,2014,4.55922284976059
Autauga County,1001,386,Nutritional deficiencies,1980,2.439436383786
,,,,1981,2.4629492856316
,,,,1982,2.5947236871836
,,,,1983,2.56645531229995
,,,,1984,2.6208982443707
,,,,1985,2.6527202351685
,,,,1986,2.69218552940388
,,,,1987,2.6324683330786
,,,,1988,2.68608419354493
,,,,1989,2.66986714478626
,,,,1990,2.75127581803588
,,,,1991,2.8539387212695
,,,,1992,2.74768422331603
,,,,1993,2.83254971599953
,,,,1994,2.97368552717764
,,,,1995,3.11024667318174
,,,,1996,3.1653113343212
,,,,1997,3.0967835989506
,,,,1998,3.46757336777743
,,,,1999,3.2793385937883
,,,,2000,3.23534757067449
,,,,2001,3.22386497260881
,,,,2002,3.05903000101731
,,,,2003,2.90119538533631
,,,,2004,2.68571576349432
,,,,2005,2.65492627186599
,,,,2006,2.55226250522133
,,,,2007,2.59884285729842
,,,,2008,2.51055872744038
,,,,2009,2.50348195603606
,,,,2010,2.37781255188663
,,,,2011,2.46782393532025
,,,,2012,2.58309851157968
,,,,2013,2.59385515770124
,,,,2014,2.6031921954678
Autauga County,1001,392,"Other communicable, maternal, neonatal, and nutritional diseases",1980,1.54743400307188
,,,,1981,1.55761491375437
,,,,1982,1.60083423219868
,,,,1983,1.6213846945202
,,,,1984,1.74039553783284
,,,,1985,1.79562265417562
,,,,1986,1.87631157947408
,,,,1987,1.97176094588576
,,,,1988,2.11063826090141
,,,,1989,2.13257457726076
,,,,1990,2.29636662481697
,,,,1991,2.34590316505237
,,,,1992,2.38591119241914
,,,,1993,2.46991662968068
,,,,1994,2.65599388024768
,,,,1995,2.69582017582315
,,,,1996,2.83285683273488
,,,,1997,2.80031263580007
,,,,1998,2.93725559582332
,,,,1999,2.84807192833124
,,,,2000,2.73612527518486
,,,,2001,2.7218659716008
,,,,2002,2.57553969022771
,,,,2003,2.38645700461671
,,,,2004,2.07748020460262
,,,,2005,1.88245867928403
,,,,2006,1.62453462716337
,,,,2007,1.51007609430108
,,,,2008,1.42847663311985
,,,,2009,1.31951379570923
,,,,2010,1.26310221992113
,,,,2011,1.28081572586172
,,,,2012,1.27703358768203
,,,,2013,1.2938474663817
,,,,2014,1.29683902052568
Autauga County,1001,410,Neoplasms,1980,262.28357704689
,,,,1981,260.121318325911
,,,,1982,257.909208750525
,,,,1983,260.911456392303
,,,,1984,263.050598594137
,,,,1985,262.788303348338
,,,,1986,265.068885687614
,,,,1987,263.972089360459
,,,,1988,265.794988818879
,,,,1989,263.656506673599
,,,,1990,264.269072072629
,,,,1991,262.119977543264
,,,,1992,261.951370905966
,,,,1993,265.364333727122
,,,,1994,267.917468833315
,,,,1995,264.90894614671
,,,,1996,261.477809011821
,,,,1997,257.077938286535
,,,,1998,255.839555520314
,,,,1999,255.930847705489
,,,,2000,252.920079985997
,,,,2001,253.749737230668
,,,,2002,253.54479870645
,,,,2003,248.124308913646
,,,,2004,241.865616981126
,,,,2005,244.352286593824
,,,,2006,242.162468057819
,,,,2007,236.75261048731
,,,,2008,238.634263191083
,,,,2009,234.223057547886
,,,,2010,229.789283113501
,,,,2011,230.862383118676
,,,,2012,236.38425025501
,,,,2013,234.532998405797
,,,,2014,233.322760601197
Autauga County,1001,491,Cardiovascular diseases,1980,552.679685621874
,,,,1981,541.074000963924
,,,,1982,527.190243867823
,,,,1983,538.030008624797
,,,,1984,536.594933893586
,,,,1985,523.124753979653
,,,,1986,515.020141643418
,,,,1987,504.270000190979
,,,,1988,495.138703923137
,,,,1989,474.887204974326
,,,,1990,470.303348479225
,,,,1991,455.909261110937
,,,,1992,453.203736841138
,,,,1993,451.612633921483
,,,,1994,449.814680311465
,,,,1995,437.736548082789
,,,,1996,438.453795624685
,,,,1997,426.08510100764
,,,,1998,428.910836676449
,,,,1999,419.417586775135
,,,,2000,413.924030458938
,,,,2001,411.132422635952
,,,,2002,400.488224279501
,,,,2003,383.751717803031
,,,,2004,362.447558682704
,,,,2005,368.832924549136
,,,,2006,350.860247570065
,,,,2007,340.080264246581
,,,,2008,337.26090798991
,,,,2009,327.149504843199
,,,,2010,316.823310601422
,,,,2011,314.284539546485
,,,,2012,318.272918777413
,,,,2013,319.332251403034
,,,,2014,316.356526791102
Autauga County,1001,508,Chronic respiratory diseases,1980,46.5612051839535
,,,,1981,47.039096790128
,,,,1982,46.7456603293042
,,,,1983,48.5769289226656
,,,,1984,49.6656895279813
,,,,1985,50.6808068281406
,,,,1986,51.8875811774682
,,,,1987,52.8702833000058
,,,,1988,54.590758590007
,,,,1989,54.3001252968788
,,,,1990,55.5473235777563
,,,,1991,55.7282126553651
,,,,1992,56.8862467441592
,,,,1993,60.2831362293427
,,,,1994,62.4772915588058
,,,,1995,63.2078104581933
,,,,1996,64.611762885678
,,,,1997,65.5133826301195
,,,,1998,68.1009301164872
,,,,1999,70.8157227103595
,,,,2000,71.7749975906096
,,,,2001,73.7666531711009
,,,,2002,75.7361471434252
,,,,2003,76.0720824910014
,,,,2004,74.1412193740881
,,,,2005,77.1262118128371
,,,,2006,76.4567942806973
,,,,2007,76.8797199885683
,,,,2008,78.7239480277108
,,,,2009,78.5832964205399
,,,,2010,77.7515048552319
,,,,2011,78.9706052301097
,,,,2012,81.955163537067
,,,,2013,80.8525024536344
,,,,2014,81.7942593202069
Autauga County,1001,521,Cirrhosis and other chronic liver diseases,1980,19.5353375551505
,,,,1981,19.2064890691022
,,,,1982,19.0236874144089
,,,,1983,19.1096606569874
,,,,1984,19.0356494607459
,,,,1985,19.0341687567566
,,,,1986,18.8206661635602
,,,,1987,18.5109656521672
,,,,1988,18.3704586794364
,,,,1989,17.8317574643361
,,,,1990,17.6716499815875
,,,,1991,17.4656721954722
,,,,1992,17.2568515208265
,,,,1993,17.2720401208724
,,,,1994,17.3673074543152
,,,,1995,17.0802328873614
,,,,1996,16.5884665419165
,,,,1997,16.4393004352839
,,,,1998,16.517124200934
,,,,1999,16.6502300418548
,,,,2000,16.9408615498921
,,,,2001,17.3910915886036
,,,,2002,17.8203841578167
,,,,2003,17.8446709730299
,,,,2004,17.5757516706363
,,,,2005,18.7910266728311
,,,,2006,19.0704223763078
,,,,2007,19.0574557412368
,,,,2008,19.5311548223761
,,,,2009,19.840041420014
,,,,2010,19.3985640016386
,,,,2011,19.9576465202859
,,,,2012,21.0327861685702
,,,,2013,20.6068501712957
,,,,2014,20.0690756505616
Autauga County,1001,526,Digestive diseases,1980,22.9697144518598
,,,,1981,22.709892977482
,,,,1982,22.3943285218964
,,,,1983,22.6642706622349
,,,,1984,22.6149006194645
,,,,1985,22.5635689919764
,,,,1986,22.5291499490298
,,,,1987,22.387924894996
,,,,1988,22.4226046492385
,,,,1989,21.9972966493748
,,,,1990,21.720440844444
,,,,1991,21.5074741440537
,,,,1992,21.2584549866182
,,,,1993,21.4742144995349
,,,,1994,21.4066493188579
,,,,1995,21.1753175843905
,,,,1996,20.947207817984
,,,,1997,20.7393141719543
,,,,1998,20.5890771316293
,,,,1999,20.575575693356
,,,,2000,20.3498106327142
,,,,2001,20.7455290592034
,,,,2002,20.4087876895041
,,,,2003,19.8965324850134
,,,,2004,19.2568370695604
,,,,2005,19.5352258605357
,,,,2006,19.2517737251046
,,,,2007,18.7286546446381
,,,,2008,18.7626616725845
,,,,2009,18.1773198333966
,,,,2010,17.8267463962554
,,,,2011,17.907972223649
,,,,2012,18.0625177341204
,,,,2013,17.8598208502537
,,,,2014,17.6372113863937
Autauga County,1001,542,Neurological disorders,1980,71.9316168562104
,,,,1981,74.2106565718021
,,,,1982,72.8559775527061
,,,,1983,73.9306093362291
,,,,1984,75.5780290726972
,,,,1985,76.1894900242582
,,,,1986,76.8177254256406
,,,,1987,79.3017403915611
,,,,1988,80.4109508187493
,,,,1989,80.6564081976895
,,,,1990,81.8775580314656
,,,,1991,84.5323853544923
,,,,1992,84.6328124908999
,,,,1993,84.5116327973391
,,,,1994,89.8649006703617
,,,,1995,91.43355400888
,,,,1996,90.2678757072141
,,,,1997,92.3788753397607
,,,,1998,92.9696188950744
,,,,1999,95.837607614334
,,,,2000,102.743152654515
,,,,2001,98.6156159545537
,,,,2002,104.882326630429
,,,,2003,108.582372756351
,,,,2004,106.367038706503
,,,,2005,108.749686370932
,,,,2006,110.570486880034
,,,,2007,107.169991556098
,,,,2008,109.870163717764
,,,,2009,103.491034552018
,,,,2010,109.59004561853
,,,,2011,110.446560753048
,,,,2012,106.290089250394
,,,,2013,104.488407292958
,,,,2014,101.836496385299
Autauga County,1001,558,Mental and substance use disorders,1980,3.71855495802407
,,,,1981,3.91342223133351
,,,,1982,3.69546618222043
,,,,1983,3.56354403161999
,,,,1984,3.63594039927565
,,,,1985,3.61674341628716
,,,,1986,3.49093111381851
,,,,1987,3.69429359789998
,,,,1988,4.06744360891212
,,,,1989,3.99024987872644
,,,,1990,4.09367737137393
,,,,1991,3.85950610762235
,,,,1992,4.06961283533356
,,,,1993,4.07203473499875
,,,,1994,4.23077187742281
,,,,1995,4.15571159401702
,,,,1996,4.22060064316991
,,,,1997,4.29957181152651
,,,,1998,4.46099168145174
,,,,1999,4.96153001403527
,,,,2000,5.02583932794098
,,,,2001,5.61942568696143
,,,,2002,5.91483571353983
,,,,2003,6.18513835996453
,,,,2004,6.70588763245054
,,,,2005,7.27598919765282
,,,,2006,7.78084613199045
,,,,2007,7.81943388422807
,,,,2008,8.53789322957853
,,,,2009,7.90594127155909
,,,,2010,8.437097498405
,,,,2011,9.22175394092943
,,,,2012,8.38177278985591
,,,,2013,9.24101204461056
,,,,2014,8.93429524706072
Autauga County,1001,586,"Diabetes, urogenital, blood, and endocrine diseases",1980,54.0833012256388
,,,,1981,53.6920860135052
,,,,1982,53.4203936710667
,,,,1983,55.1209878741283
,,,,1984,55.7299850178422
,,,,1985,56.4594794641643
,,,,1986,56.892860894276
,,,,1987,58.144731615934
,,,,1988,58.9216794971941
,,,,1989,58.7661331096083
,,,,1990,59.9995628880119
,,,,1991,61.0240700297939
,,,,1992,61.2991753553793
,,,,1993,63.8499226081603
,,,,1994,65.2817496441582
,,,,1995,66.4071886752401
,,,,1996,68.1360310868134
,,,,1997,66.9412764536872
,,,,1998,69.6090842819212
,,,,1999,72.8969124662574
,,,,2000,72.6071267799191
,,,,2001,77.7128280402791
,,,,2002,78.9826043505433
,,,,2003,77.9010829933849
,,,,2004,76.0989950984924
,,,,2005,78.2458431420616
,,,,2006,76.3481400241649
,,,,2007,75.5248466062892
,,,,2008,75.5320243078928
,,,,2009,74.1119006266187
,,,,2010,72.4590291117073
,,,,2011,74.0194665336068
,,,,2012,75.5848445354766
,,,,2013,75.6938233304684
,,,,2014,74.9754791668852
Autauga County,1001,626,Musculoskeletal disorders,1980,2.83232394975862
,,,,1981,2.84758748481298
,,,,1982,2.80684936441524
,,,,1983,2.86569066556691
,,,,1984,2.88159338472555
,,,,1985,2.88901963050064
,,,,1986,2.92015325688773
,,,,1987,2.93532327474488
,,,,1988,3.00723811779444
,,,,1989,3.01332679138816
,,,,1990,3.04550967205101
,,,,1991,3.07115054128359
,,,,1992,3.08034629420206
,,,,1993,3.19656970171154
,,,,1994,3.25052208146025
,,,,1995,3.31614955179243
,,,,1996,3.3332764066737
,,,,1997,3.36938522093099
,,,,1998,3.42829653313723
,,,,1999,3.52296675682528
,,,,2000,3.52888148814893
,,,,2001,3.61535940414047
,,,,2002,3.60125051216448
,,,,2003,3.50492925343826
,,,,2004,3.37085978016109
,,,,2005,3.44472200252068
,,,,2006,3.38589979570602
,,,,2007,3.22796934831808
,,,,2008,3.2227014126662
,,,,2009,3.08038994742212
,,,,2010,2.97507967030189
,,,,2011,2.98627811352648
,,,,2012,2.99959472340005
,,,,2013,2.99977411965624
,,,,2014,3.00750876657683
Autauga County,1001,640,Other non-communicable diseases,1980,10.7754533335983
,,,,1981,10.5265170918924
,,,,1982,10.2878888928093
,,,,1983,10.2832280498905
,,,,1984,10.1168639249992
,,,,1985,9.9604050004249
,,,,1986,9.78847310412866
,,,,1987,9.83660394904495
,,,,1988,9.70476918143805
,,,,1989,9.65500128790091
,,,,1990,9.47445810865342
,,,,1991,9.22964129443558
,,,,1992,9.06009643701961
,,,,1993,8.91333132952064
,,,,1994,8.58091112015241
,,,,1995,8.30151223229852
,,,,1996,8.04606466023415
,,,,1997,7.91795942502026
,,,,1998,7.78897641857582
,,,,1999,7.56201415324648
,,,,2000,7.50765956964702
,,,,2001,7.44628678029146
,,,,2002,7.44807850579281
,,,,2003,7.23734861400111
,,,,2004,7.13215167645986
,,,,2005,7.2829442479709
,,,,2006,7.19745016484222
,,,,2007,7.01449037449328
,,,,2008,6.98232690103796
,,,,2009,6.7687162510994
,,,,2010,6.60651718685311
,,,,2011,6.60611023246378
,,,,2012,6.68288373922068
,,,,2013,6.58422604134504
,,,,2014,6.55947933434362
Autauga County,1001,688,Transport injuries,1980,38.9716909522819
,,,,1981,38.9292814514113
,,,,1982,36.4961292737996
,,,,1983,37.4897511344088
,,,,1984,36.2016828293153
,,,,1985,36.7528281241754
,,,,1986,38.3473169499267
,,,,1987,38.144732438258
,,,,1988,37.9392962468381
,,,,1989,35.8578402138403
,,,,1990,36.9095812422215
,,,,1991,36.5929763920276
,,,,1992,34.5811498748997
,,,,1993,34.7672090357933
,,,,1994,35.4807752765641
,,,,1995,34.4844630319958
,,,,1996,33.0819409282624
,,,,1997,33.226160569291
,,,,1998,33.2877550349321
,,,,1999,33.1868262813032
,,,,2000,32.9282981178234
,,,,2001,33.4232017265531
,,,,2002,33.4983264539654
,,,,2003,34.4334908726815
,,,,2004,32.7547842108297
,,,,2005,33.7053377904395
,,,,2006,33.0285939537411
,,,,2007,31.2007675550263
,,,,2008,30.3482976355314
,,,,2009,29.270964835895
,,,,2010,28.3955577060051
,,,,2011,28.3790981150824
,,,,2012,27.9928557199761
,,,,2013,28.2205934571781
,,,,2014,27.9295559639583
Autauga County,1001,696,Unintentional injuries,1980,34.1865398026754
,,,,1981,33.4500946185623
,,,,1982,32.3044725463376
,,,,1983,31.8044408405631
,,,,1984,31.1529267845873
,,,,1985,30.8702279842018
,,,,1986,30.9023075189851
,,,,1987,30.0079170764378
,,,,1988,29.3112183080144
,,,,1989,28.6456082401482
,,,,1990,28.1436938229264
,,,,1991,27.4691893814026
,,,,1992,26.5446011239791
,,,,1993,26.7395522950132
,,,,1994,26.6155784764537
,,,,1995,26.1961319234374
,,,,1996,25.8276688772709
,,,,1997,25.1499243937852
,,,,1998,24.939287040313
,,,,1999,24.8003292708795
,,,,2000,24.7969987559181
,,,,2001,25.6073637197971
,,,,2002,24.9272544194829
,,,,2003,25.5503216689071
,,,,2004,24.606003838533
,,,,2005,25.3382392934943
,,,,2006,25.715144356313
,,,,2007,24.9689585828566
,,,,2008,25.4139896044586
,,,,2009,24.6958917253688
,,,,2010,24.7185629208864
,,,,2011,25.9616171528051
,,,,2012,25.3747305832697
,,,,2013,25.41111237507
,,,,2014,24.0981027314228
Autauga County,1001,717,Self-harm and interpersonal violence,1980,25.6687940323437
,,,,1981,24.9657549511841
,,,,1982,23.7705365981393
,,,,1983,25.0895975655112
,,,,1984,24.9805717124913
,,,,1985,25.3984576969505
,,,,1986,26.0336219140146
,,,,1987,25.5799965872325
,,,,1988,25.4888088104572
,,,,1989,25.8002473126955
,,,,1990,25.5500898158869
,,,,1991,24.9920423432453
,,,,1992,24.6114474780215
,,,,1993,25.4121210807183
,,,,1994,25.9283801837663
,,,,1995,24.2381533121409
,,,,1996,23.8563318798839
,,,,1997,23.36263652921
,,,,1998,22.2045460438146
,,,,1999,21.992222609056
,,,,2000,22.0826345651365
,,,,2001,23.0844131167075
,,,,2002,22.2965842903768
,,,,2003,22.3359843064896
,,,,2004,22.189540842215
,,,,2005,22.9674443029125
,,,,2006,24.0134191862234
,,,,2007,23.290035625161
,,,,2008,23.7863569670195
,,,,2009,23.6271009659316
,,,,2010,24.0878902549948
,,,,2011,25.2175026128618
,,,,2012,25.5000060917576
,,,,2013,26.196953487845
,,,,2014,24.5016974134422
Autauga County,1001,728,"Forces of nature, war, and legal intervention",1980,0.303338211862512
,,,,1981,0.250401285136046
,,,,1982,0.269230018063917
,,,,1983,0.255431514279464
,,,,1984,0.328620004011661
,,,,1985,0.322187375579031
,,,,1986,0.230682020504473
,,,,1987,0.255754565613302
,,,,1988,0.201657557341634
,,,,1989,0.325579382037881
,,,,1990,0.26862267383658
,,,,1991,0.189745132974487
,,,,1992,0.227306703364565
,,,,1993,0.242337082015487
,,,,1994,0.284741581891665
,,,,1995,0.246079822842774
,,,,1996,0.279343878833376
,,,,1997,0.246671533838146
,,,,1998,0.31819500228
,,,,1999,0.322305477338693
,,,,2000,0.225476417541167
,,,,2001,0.786256764602289
,,,,2002,0.0925371520413271
,,,,2003,0.302197970794914
,,,,2004,0.465972279969748
,,,,2005,1.43159402845774
,,,,2006,0.434802436737478
,,,,2007,0.484954298332579
,,,,2008,0.288414104611843
,,,,2009,0.222940786737833
,,,,2010,0.305984805589584
,,,,2011,1.72985412117077
,,,,2012,0.223837694905634
,,,,2013,0.134101958518175
,,,,2014,0.0814934058089786
Baldwin County,1003,294,All causes,1980,1054.98508946522
,,,,1981,1066.85077345995
,,,,1982,1021.91935782228
,,,,1983,1037.65405622418
,,,,1984,1034.46569116609
,,,,1985,1021.70323395591
,,,,1986,1029.07523588113
,,,,1987,1011.43919611595
,,,,1988,1004.38257677223
,,,,1989,993.147833126798
,,,,1990,993.164411434632
,,,,1991,987.202209614301
,,,,1992,964.122991560151
,,,,1993,964.163858018386
,,,,1994,974.344238677998
,,,,1995,979.489060943629
,,,,1996,951.025722181974
,,,,1997,943.407319961247
,,,,1998,949.047710020928
,,,,1999,938.519559694709
,,,,2000,936.064140183149
,,,,2001,951.925881397983
,,,,2002,944.241428100381
,,,,2003,935.879304778223
,,,,2004,919.651742151724
,,,,2005,906.679764953929
,,,,2006,902.930867210749
,,,,2007,884.877907174024
,,,,2008,866.115429022156
,,,,2009,861.292261086688
,,,,2010,856.837327486251
,,,,2011,858.073197132507
,,,,2012,833.119886653328
,,,,2013,852.419202814237
,,,,2014,841.106629836048
Baldwin County,1003,296,HIV/AIDS and tuberculosis,1980,0.844752601061575
,,,,1981,0.876392911396148
,,,,1982,0.917196738133791
,,,,1983,0.982743613436351
,,,,1984,1.16341514690257
,,,,1985,1.43997504128374
,,,,1986,2.11933481993142
,,,,1987,3.55175320894224
,,,,1988,4.26765738183113
,,,,1989,5.8253870031322
,,,,1990,6.50980270050278
,,,,1991,7.93584635368195
,,,,1992,8.64617651974262
,,,,1993,9.39012573799358
,,,,1994,11.1608086612986
,,,,1995,11.1823128485983
,,,,1996,7.83570491515336
,,,,1997,4.62981107882258
,,,,1998,3.8381245673405
,,,,1999,3.84825580690167
,,,,2000,3.81824189796337
,,,,2001,3.85001358552996
,,,,2002,3.56331342796496
,,,,2003,3.72088220249822
,,,,2004,3.41156454146706
,,,,2005,3.17714190706998
,,,,2006,3.02193530045531
,,,,2007,2.9878123336943
,,,,2008,2.71977972527002
,,,,2009,2.64383471028199
,,,,2010,2.27411541922806
,,,,2011,2.16286120734748
,,,,2012,2.09804850401486
,,,,2013,2.05940214888103
,,,,2014,2.01219493757021
Baldwin County,1003,301,"Diarrhea, lower respiratory, and other common infectious diseases",1980,23.8344265658222
,,,,1981,25.0419743418857
,,,,1982,24.191261993232
,,,,1983,24.6289264215074
,,,,1984,23.911375212746
,,,,1985,24.335570824215
,,,,1986,24.6922779127868
,,,,1987,25.3957128357225
,,,,1988,24.0875966629453
,,,,1989,24.5149372316176
,,,,1990,25.5710508229918
,,,,1991,25.680482710258
,,,,1992,24.5528467198463
,,,,1993,24.9818505224894
,,,,1994,26.1466509103521
,,,,1995,27.0625991497958
,,,,1996,26.0583087158586
,,,,1997,27.0614993621813
,,,,1998,27.9887428640628
,,,,1999,25.3103369337345
,,,,2000,25.8656137563862
,,,,2001,24.7259113954496
,,,,2002,25.5340496427196
,,,,2003,26.5478540263256
,,,,2004,23.8202856969609
,,,,2005,22.3394538949168
,,,,2006,22.911178905897
,,,,2007,22.5177991269857
,,,,2008,22.472656739156
,,,,2009,23.5096244093286
,,,,2010,21.7832044005406
,,,,2011,23.1833996855879
,,,,2012,22.7173767883306
,,,,2013,22.8782808790831
,,,,2014,23.9828662417899
Baldwin County,1003,344,Neglected tropical diseases and malaria,1980,0.0454380808053605
,,,,1981,0.0472888930009819
,,,,1982,0.0417181733002932
,,,,1983,0.0380366662188249
,,,,1984,0.0407916715501202
,,,,1985,0.0382123725541637
,,,,1986,0.034581662621241
,,,,1987,0.0335022775125189
,,,,1988,0.0318571151275775
,,,,1989,0.0299645972526104
,,,,1990,0.0287136535104188
,,,,1991,0.0281570304076728
,,,,1992,0.0253753344650104
,,,,1993,0.0239888930616782
,,,,1994,0.0235245560859806
,,,,1995,0.0220996534283912
,,,,1996,0.0223322998915542
,,,,1997,0.0214902054521795
,,,,1998,0.0232102491792435
,,,,1999,0.0244395532206835
,,,,2000,0.0274883593308419
,,,,2001,0.0319920941999876
,,,,2002,0.0412570910414106
,,,,2003,0.0457015155340315
,,,,2004,0.0467285496462207
,,,,2005,0.0482161514972879
,,,,2006,0.0485761387138598
,,,,2007,0.0469134764780059
,,,,2008,0.0463213452591033
,,,,2009,0.0451428576753201
,,,,2010,0.045416259926765
,,,,2011,0.0447275574992395
,,,,2012,0.0487530977414337
,,,,2013,0.0507562634246079
,,,,2014,0.0437491863281385
Baldwin County,1003,366,Maternal disorders,1980,0.222358808819791
,,,,1981,0.222329040352672
,,,,1982,0.202520125190302
,,,,1983,0.202153783792351
,,,,1984,0.196675456616571
,,,,1985,0.194280466017439
,,,,1986,0.205767630075593
,,,,1987,0.220257291078046
,,,,1988,0.215161856038147
,,,,1989,0.214362326367584
,,,,1990,0.220596416854493
,,,,1991,0.222512773258947
,,,,1992,0.207278342741619
,,,,1993,0.213004520056875
,,,,1994,0.209093524578707
,,,,1995,0.188836209429028
,,,,1996,0.173027362838765
,,,,1997,0.183224924969923
,,,,1998,0.184316026365915
,,,,1999,0.169497312594462
,,,,2000,0.175477867691302
,,,,2001,0.1831352312052
,,,,2002,0.203822069772427
,,,,2003,0.223100048395484
,,,,2004,0.224543964984892
,,,,2005,0.239118581989026
,,,,2006,0.241066500639495
,,,,2007,0.248519093924169
,,,,2008,0.256769883219271
,,,,2009,0.285245811342071
,,,,2010,0.24911875130999
,,,,2011,0.272055589762165
,,,,2012,0.255238274369551
,,,,2013,0.268530348241922
,,,,2014,0.25686364854836
Baldwin County,1003,380,Neonatal disorders,1980,8.7500263188053
,,,,1981,8.43445719754942
,,,,1982,7.88669188858185
,,,,1983,7.3106579408997
,,,,1984,6.82212466568009
,,,,1985,6.53790154614522
,,,,1986,6.40498715167211
,,,,1987,6.22809383666523
,,,,1988,5.98183936061147
,,,,1989,6.04247073460066
,,,,1990,5.76304385749004
,,,,1991,5.52489991134652
,,,,1992,5.16365308253446
,,,,1993,4.9477262448385
,,,,1994,4.82017300747227
,,,,1995,4.65354338084898
,,,,1996,4.40905988300832
,,,,1997,4.53468503784778
,,,,1998,4.63944992881678
,,,,1999,4.50662183877409
,,,,2000,4.55844847112584
,,,,2001,4.554761992261
,,,,2002,4.59496146188335
,,,,2003,4.73194570111713
,,,,2004,4.63106887830248
,,,,2005,4.55179879801222
,,,,2006,4.5889293278473
,,,,2007,4.6295536777566
,,,,2008,4.47966180242779
,,,,2009,4.37068795545105
,,,,2010,4.01981870289305
,,,,2011,3.96812693677124
,,,,2012,3.86640424980048
,,,,2013,3.86038503677613
,,,,2014,3.67754250302272
Baldwin County,1003,386,Nutritional deficiencies,1980,1.91054515658416
,,,,1981,1.95146179399929
,,,,1982,2.00206170904444
,,,,1983,1.88814536024572
,,,,1984,1.89869240869341
,,,,1985,1.90202907316128
,,,,1986,1.91827465599546
,,,,1987,1.98077649659848
,,,,1988,1.90049212206978
,,,,1989,1.91739833440966
,,,,1990,1.84802761909653
,,,,1991,1.90467070197231
,,,,1992,1.8871941654141
,,,,1993,2.06357947774284
,,,,1994,1.97133950292913
,,,,1995,2.20230833151648
,,,,1996,2.00130728401072
,,,,1997,2.26203396577534
,,,,1998,2.25076817703814
,,,,1999,2.07499622776687
,,,,2000,2.05470855481002
,,,,2001,1.98090743955143
,,,,2002,1.85812501982703
,,,,2003,1.74140385351499
,,,,2004,1.60030915829426
,,,,2005,1.50847811833077
,,,,2006,1.40713908702447
,,,,2007,1.32843296705862
,,,,2008,1.38768504560971
,,,,2009,1.37490577764684
,,,,2010,1.2653906458274
,,,,2011,1.26300396859191
,,,,2012,1.29117142908394
,,,,2013,1.29518345361092
,,,,2014,1.28649980619806
Baldwin County,1003,392,"Other communicable, maternal, neonatal, and nutritional diseases",1980,1.57168685619854
,,,,1981,1.56637710353089
,,,,1982,1.61955909289983
,,,,1983,1.62076393328672
,,,,1984,1.68383951602821
,,,,1985,1.71484120874632
,,,,1986,1.81585830119224
,,,,1987,1.98005761549346
,,,,1988,1.99768854486819
,,,,1989,2.05286634029654
,,,,1990,2.07635305617647
,,,,1991,2.12875543601713
,,,,1992,2.21828406891867
,,,,1993,2.30288246292644
,,,,1994,2.39354876600427
,,,,1995,2.4783071221102
,,,,1996,2.52435303156009
,,,,1997,2.66391731570312
,,,,1998,2.75801670759484
,,,,1999,2.59842318551587
,,,,2000,2.5909735677154
,,,,2001,2.53934256759627
,,,,2002,2.44820180379642
,,,,2003,2.2881037146001
,,,,2004,2.00570767673169
,,,,2005,1.68801571659466
,,,,2006,1.45745381424816
,,,,2007,1.33318030221463
,,,,2008,1.26295300243196
,,,,2009,1.2772138105945
,,,,2010,1.17962701180968
,,,,2011,1.17443838840745
,,,,2012,1.15726177693539
,,,,2013,1.21899778074729
,,,,2014,1.19265728265289
Baldwin County,1003,410,Neoplasms,1980,233.777649355523
,,,,1981,234.068810840804
,,,,1982,229.491613939566
,,,,1983,228.402485984838
,,,,1984,230.499255434463
,,,,1985,228.16223073996
,,,,1986,232.289422314169
,,,,1987,229.605971141299
,,,,1988,229.456124654902
,,,,1989,230.411479302742
,,,,1990,229.817669681019
,,,,1991,227.204265567811
,,,,1992,225.974640662482
,,,,1993,229.16256483925
,,,,1994,229.251988991848
,,,,1995,233.490279372329
,,,,1996,225.260295943465
,,,,1997,221.147917132883
,,,,1998,220.548419798974
,,,,1999,217.707429274771
,,,,2000,217.763026774469
,,,,2001,220.933840285501
,,,,2002,216.884577784688
,,,,2003,216.892182882053
,,,,2004,210.504062625556
,,,,2005,206.609319231516
,,,,2006,209.95472361613
,,,,2007,206.519214395758
,,,,2008,202.167971654799
,,,,2009,201.009375247191
,,,,2010,201.575659860975
,,,,2011,200.972648358438
,,,,2012,198.770380504056
,,,,2013,200.147982367204
,,,,2014,200.686360038607
Baldwin County,1003,491,Cardiovascular diseases,1980,445.668570451446
,,,,1981,453.880987488407
,,,,1982,424.98075204559
,,,,1983,439.389731313572
,,,,1984,431.829154814851
,,,,1985,419.276782368079
,,,,1986,413.485091133432
,,,,1987,400.719480602571
,,,,1988,393.193207243969
,,,,1989,380.929058073222
,,,,1990,379.582011619491
,,,,1991,372.946856885555
,,,,1992,360.06288187039
,,,,1993,356.276597482269
,,,,1994,352.796008520005
,,,,1995,357.727552561514
,,,,1996,345.939059976311
,,,,1997,343.32587373242
,,,,1998,347.647832803007
,,,,1999,341.093139156564
,,,,2000,333.18215863218
,,,,2001,335.395818194659
,,,,2002,325.679379671681
,,,,2003,317.786824604352
,,,,2004,307.29232309437
,,,,2005,308.987040609284
,,,,2006,302.784845752906
,,,,2007,284.463799176518
,,,,2008,277.147361243392
,,,,2009,277.401997785034
,,,,2010,279.978453184648
,,,,2011,282.050011356079
,,,,2012,270.030682151107
,,,,2013,280.704670274984
,,,,2014,272.036935030695
Baldwin County,1003,508,Chronic respiratory diseases,1980,37.1519530662658
,,,,1981,37.8260502763499
,,,,1982,36.8003583326877
,,,,1983,37.9659890618851
,,,,1984,38.6899846500724
,,,,1985,39.4557435156534
,,,,1986,40.1480901990764
,,,,1987,40.3274934251195
,,,,1988,40.8952182983838
,,,,1989,41.7335930119908
,,,,1990,42.9741948792962
,,,,1991,43.1896293221929
,,,,1992,43.103579632887
,,,,1993,45.5864445760163
,,,,1994,47.3330653815181
,,,,1995,48.1544459210713
,,,,1996,48.097708615885
,,,,1997,48.4934568049134
,,,,1998,50.6961760302441
,,,,1999,52.0108883008279
,,,,2000,52.0734008504411
,,,,2001,53.9369786168663
,,,,2002,52.6699574187971
,,,,2003,53.8343393126894
,,,,2004,52.795353398781
,,,,2005,52.564570994788
,,,,2006,52.7941029222449
,,,,2007,53.2610823070564
,,,,2008,53.0276681894005
,,,,2009,54.3040296025226
,,,,2010,55.120528705667
,,,,2011,55.1540980315685
,,,,2012,52.7669209242474
,,,,2013,54.6091455987163
,,,,2014,54.2785788056829
Baldwin County,1003,521,Cirrhosis and other chronic liver diseases,1980,15.1926952959236
,,,,1981,15.2971738154129
,,,,1982,15.2579348878809
,,,,1983,15.1368488096578
,,,,1984,15.1770019338776
,,,,1985,15.3691070171839
,,,,1986,15.2102871930198
,,,,1987,15.1944188226088
,,,,1988,15.049201628362
,,,,1989,15.1587893105893
,,,,1990,14.8483966650682
,,,,1991,14.4771181152676
,,,,1992,14.5391284399247
,,,,1993,14.5596157946517
,,,,1994,14.516056884041
,,,,1995,14.7160779708189
,,,,1996,14.2793184583305
,,,,1997,14.2784382597941
,,,,1998,14.4979726574639
,,,,1999,14.7991120571432
,,,,2000,15.0357393039201
,,,,2001,15.6718624296335
,,,,2002,15.8058253481578
,,,,2003,17.0015176829113
,,,,2004,16.948099052741
,,,,2005,17.1445647656112
,,,,2006,17.6406513972216
,,,,2007,18.3589388146327
,,,,2008,17.8456276245646
,,,,2009,18.4986948683673
,,,,2010,19.2189035404939
,,,,2011,19.2167431948161
,,,,2012,20.0087095190716
,,,,2013,20.6077567797014
,,,,2014,19.6886565557227
Baldwin County,1003,526,Digestive diseases,1980,19.3408035540573
,,,,1981,19.1985787094236
,,,,1982,18.7139630301028
,,,,1983,18.5780251929799
,,,,1984,18.5966857466876
,,,,1985,18.2440679697337
,,,,1986,18.2468271427317
,,,,1987,17.9113687981196
,,,,1988,17.905602292109
,,,,1989,17.6145572497547
,,,,1990,17.3205065935074
,,,,1991,16.9863476415867
,,,,1992,16.6645259628846
,,,,1993,16.9512207023197
,,,,1994,16.6699578480341
,,,,1995,16.7355023844862
,,,,1996,16.2162235868277
,,,,1997,16.1031856260321
,,,,1998,15.9760408383892
,,,,1999,15.7274348788286
,,,,2000,15.6979056928357
,,,,2001,15.8582164831609
,,,,2002,15.5137079183735
,,,,2003,15.3239380826389
,,,,2004,14.732855465727
,,,,2005,14.7031007784521
,,,,2006,14.8003757356982
,,,,2007,14.2492878102003
,,,,2008,13.9579732670565
,,,,2009,13.9170293065223
,,,,2010,13.8818089636479
,,,,2011,13.5537816609228
,,,,2012,13.4224306714124
,,,,2013,13.3877997645616
,,,,2014,13.3156605527818
Baldwin County,1003,542,Neurological disorders,1980,95.5169515032229
,,,,1981,95.8252754538463
,,,,1982,94.1663592670081
,,,,1983,93.1096735330923
,,,,1984,94.4605041717305
,,,,1985,96.3274111867888
,,,,1986,100.43815661922
,,,,1987,99.4626669434658
,,,,1988,98.0160390317199
,,,,1989,96.6353827949284
,,,,1990,96.7486767004576
,,,,1991,103.493624542486
,,,,1992,98.5847213134093
,,,,1993,94.3993144307303
,,,,1994,101.961044228228
,,,,1995,97.9395425897082
,,,,1996,98.7594320011823
,,,,1997,103.279632996478
,,,,1998,102.950479737194
,,,,1999,105.839736030826
,,,,2000,107.336076403961
,,,,2001,109.75864066468
,,,,2002,109.449266516001
,,,,2003,107.084873443249
,,,,2004,115.650205783858
,,,,2005,104.195589730757
,,,,2006,103.791333632629
,,,,2007,113.63370881188
,,,,2008,108.886485321907
,,,,2009,106.565716100295
,,,,2010,104.035938396697
,,,,2011,102.197474502062
,,,,2012,99.7372330205571
,,,,2013,106.332444637718
,,,,2014,105.146248871685
Baldwin County,1003,558,Mental and substance use disorders,1980,3.43172669234621
,,,,1981,4.11928106354172
,,,,1982,3.71778699165528
,,,,1983,3.65206706641011
,,,,1984,3.84669326610446
,,,,1985,3.77677856931033
,,,,1986,3.85460822828173
,,,,1987,3.84388255790322
,,,,1988,3.95290344741619
,,,,1989,4.35213106768226
,,,,1990,4.83675003983545
,,,,1991,4.51879491995369
,,,,1992,4.37607944429707
,,,,1993,4.69094021629283
,,,,1994,5.22619066188027
,,,,1995,5.16129815481247
,,,,1996,5.20212912136618
,,,,1997,5.87330972257844
,,,,1998,6.13887400204169
,,,,1999,6.63733578605714
,,,,2000,7.19519355041606
,,,,2001,8.18925817373274
,,,,2002,10.025232321093
,,,,2003,9.69241139108524
,,,,2004,11.356756013159
,,,,2005,12.0368763572448
,,,,2006,11.4762559545796
,,,,2007,14.0277397751406
,,,,2008,13.7634851860524
,,,,2009,14.2199307890942
,,,,2010,14.7833572294081
,,,,2011,14.3018005557792
,,,,2012,14.1792695615836
,,,,2013,14.8660100594806
,,,,2014,15.9755721927024
Baldwin County,1003,586,"Diabetes, urogenital, blood, and endocrine diseases",1980,46.3026250062053
,,,,1981,46.1874465061262
,,,,1982,45.0204484306658
,,,,1983,45.0053032197623
,,,,1984,45.1359666571593
,,,,1985,44.8662648581497
,,,,1986,45.0307553432591
,,,,1987,44.3218610523258
,,,,1988,45.9329724266838
,,,,1989,45.5434705901345
,,,,1990,46.3252438320831
,,,,1991,45.798724508298
,,,,1992,46.7975318474939
,,,,1993,47.1665455942208
,,,,1994,49.848047436714
,,,,1995,50.0348561431782
,,,,1996,50.0986121900688
,,,,1997,49.4136665526408
,,,,1998,50.7559710369962
,,,,1999,50.0955861784476
,,,,2000,52.698310545192
,,,,2001,53.2782874127131
,,,,2002,54.6177053627825
,,,,2003,54.1311218781932
,,,,2004,51.1375897895604
,,,,2005,51.5934451335139
,,,,2006,53.3326890752128
,,,,2007,51.0163698528894
,,,,2008,50.1958149587442
,,,,2009,50.9485875355928
,,,,2010,50.4373295022194
,,,,2011,49.3974909560437
,,,,2012,49.3938853633313
,,,,2013,50.7600861909701
,,,,2014,49.5717504125645
Baldwin County,1003,626,Musculoskeletal disorders,1980,2.80148073115716
,,,,1981,2.82174716065356
,,,,1982,2.76397836477293
,,,,1983,2.81694022882799
,,,,1984,2.82726030728619
,,,,1985,2.81481336403777
,,,,1986,2.88162190769985
,,,,1987,2.86754251592098
,,,,1988,2.91986468479822
,,,,1989,2.96904466901302
,,,,1990,2.99346646940391
,,,,1991,3.02919259660839
,,,,1992,2.98852762829986
,,,,1993,3.10394278528155
,,,,1994,3.16129066482313
,,,,1995,3.23978975756529
,,,,1996,3.2658280344852
,,,,1997,3.31040634665749
,,,,1998,3.37183964328921
,,,,1999,3.41853437040423
,,,,2000,3.44588014951112
,,,,2001,3.60164522803381
,,,,2002,3.55878423135966
,,,,2003,3.4855498415326
,,,,2004,3.39689199333287
,,,,2005,3.33305995700766
,,,,2006,3.26471571000374
,,,,2007,3.2053548488616
,,,,2008,3.09419621717803
,,,,2009,3.01877559786434
,,,,2010,2.98464933821659
,,,,2011,2.98932738996143
,,,,2012,2.92928052478956
,,,,2013,2.95440851022853
,,,,2014,2.98204344708025
Baldwin County,1003,640,Other non-communicable diseases,1980,9.71929808115331
,,,,1981,9.71577883635253
,,,,1982,9.32299926518947
,,,,1983,9.27516702094441
,,,,1984,9.25203566004568
,,,,1985,9.04753419132491
,,,,1986,9.03289207522522
,,,,1987,8.77979345616628
,,,,1988,8.86350202072099
,,,,1989,8.83329659809131
,,,,1990,8.76685095225613
,,,,1991,8.48388359694238
,,,,1992,8.22728263324927
,,,,1993,8.02995653156185
,,,,1994,7.72405248698269
,,,,1995,7.52483385453966
,,,,1996,7.2725782734646
,,,,1997,7.13902740560573
,,,,1998,7.06796870873493
,,,,1999,6.9525091079165
,,,,2000,6.83082039579137
,,,,2001,6.95755812055473
,,,,2002,6.80602115350792
,,,,2003,6.75763912757693
,,,,2004,6.84171025242475
,,,,2005,6.82647558484087
,,,,2006,6.85334652534405
,,,,2007,6.77035911267648
,,,,2008,6.53879628800971
,,,,2009,6.47691541208664
,,,,2010,6.54321800200788
,,,,2011,6.37957389128408
,,,,2012,6.29782669615732
,,,,2013,6.47679909759731
,,,,2014,6.3373330838939
Baldwin County,1003,688,Transport injuries,1980,35.0558076934178
,,,,1981,33.0863088763138
,,,,1982,31.1259451070724
,,,,1983,32.5107716786101
,,,,1984,32.0618173279679
,,,,1985,30.228971225501
,,,,1986,32.0693992013006
,,,,1987,30.380255160149
,,,,1988,30.8678889640993
,,,,1989,29.1286701999212
,,,,1990,29.2244710727715
,,,,1991,29.8909196949418
,,,,1992,28.1993837746891
,,,,1993,27.990873653884
,,,,1994,29.8034108074137
,,,,1995,28.558396129242
,,,,1996,27.866309687952
,,,,1997,26.4621116485681
,,,,1998,27.164153831347
,,,,1999,25.7565134544869
,,,,2000,26.3581730340513
,,,,2001,27.4891159011478
,,,,2002,28.6823554851651
,,,,2003,27.0091832416369
,,,,2004,26.6598814587598
,,,,2005,26.8515566090555
,,,,2006,26.0808981696906
,,,,2007,24.2068987190809
,,,,2008,24.4406656901514
,,,,2009,22.6980008775069
,,,,2010,21.7703977501992
,,,,2011,21.837190772551
,,,,2012,20.3589004781282
,,,,2013,21.0397752838728
,,,,2014,20.7421790590088
Baldwin County,1003,696,Unintentional injuries,1980,29.1248687994024
,,,,1981,29.1968555636938
,,,,1982,27.2790119657189
,,,,1983,27.2975547172102
,,,,1984,26.8506611016565
,,,,1985,25.727095643905
,,,,1986,25.5158791035751
,,,,1987,24.9390965632392
,,,,1988,23.4687498428858
,,,,1989,23.4475251225754
,,,,1990,23.2020666922946
,,,,1991,22.6613860549535
,,,,1992,22.3074472958814
,,,,1993,21.9622488653137
,,,,1994,21.8164321124235
,,,,1995,21.4839120382478
,,,,1996,20.5060482855076
,,,,1997,21.0471331538089
,,,,1998,21.1769381770503
,,,,1999,20.9394899542481
,,,,2000,20.4683725791464
,,,,2001,21.0224505216491
,,,,2002,21.222387519709
,,,,2003,21.191305709146
,,,,2004,21.1942549758292
,,,,2005,21.5143736534539
,,,,2006,21.8012618976588
,,,,2007,20.1883638302317
,,,,2008,21.363094864517
,,,,2009,20.2641995941826
,,,,2010,19.9391744148531
,,,,2011,20.2042293498487
,,,,2012,19.9346488256134
,,,,2013,19.8205933852425
,,,,2014,19.6018830947051
Baldwin County,1003,717,Self-harm and interpersonal violence,1980,25.0846114016362
,,,,1981,26.7436434729952
,,,,1982,24.8608724900573
,,,,1983,24.8117934046836
,,,,1984,25.4220603630399
,,,,1985,25.8224848731431
,,,,1986,25.2979964408327
,,,,1987,24.9027215495229
,,,,1988,25.6553651243616
,,,,1989,26.1320327053241
,,,,1990,25.3327436028027
,,,,1991,24.5748396934107
,,,,1992,24.8730776341678
,,,,1993,25.7200056858043
,,,,1994,24.1966905059478
,,,,1995,24.6733204398032
,,,,1996,23.9196585279609
,,,,1997,21.8654961985301
,,,,1998,21.7494419892826
,,,,1999,22.3117146968273
,,,,2000,22.2733031158228
,,,,2001,22.3051808505402
,,,,2002,22.4904719934569
,,,,2003,22.7676403321784
,,,,2004,22.3431739696851
,,,,2005,23.1618564611731
,,,,2006,24.6947766373006
,,,,2007,23.1273385211355
,,,,2008,23.3494861462821
,,,,2009,24.8105853175184
,,,,2010,23.1258733917045
,,,,2011,24.044369914026
,,,,2012,24.3081289047586
,,,,2013,23.7636199525169
,,,,2014,23.7787582026609
Baldwin County,1003,728,"Forces of nature, war, and legal intervention",1980,0.303853271402247
,,,,1981,0.248933749614575
,,,,1982,0.269002697278523
,,,,1983,0.255946470480258
,,,,1984,0.30484153107159
,,,,1985,0.294655358451245
,,,,1986,0.204873797588455
,,,,1987,0.332253651837175
,,,,1988,0.192387513085792
,,,,1989,0.418112491626838
,,,,1990,0.246277024082813
,,,,1991,0.183843052785635
,,,,1992,0.300588504060137
,,,,1993,0.307331571576968
,,,,1994,0.227568553874536
,,,,1995,0.182773179445216
,,,,1996,0.289051890198813
,,,,1997,0.198372696591855
,,,,1998,0.233937912937413
,,,,1999,0.244859949940845
,,,,2000,0.186395220364157
,,,,2001,0.626889458698382
,,,,2002,0.0604522399765992
,,,,2003,0.209794678874969
,,,,2004,0.335722520121402
,,,,2005,1.06595253281038
,,,,2006,0.489171255866876
,,,,2007,0.36140657763828
,,,,2008,0.198009011680775
,,,,2009,0.167739979285127
,,,,2010,0.197646277635297
,,,,2011,0.306009843961886
,,,,2012,0.134182736434848
,,,,2013,0.0819401321178946
,,,,2014,0.046063974098264
Barbour County,1005,294,All causes,1980,1203.48062089617
,,,,1981,1203.25735786691
,,,,1982,1166.23955630693
,,,,1983,1163.86211767267
,,,,1984,1154.23153153176
,,,,1985,1161.54496286498
,,,,1986,1147.93004766365
,,,,1987,1145.03663372987
,,,,1988,1141.35822978627
,,,,1989,1131.54666676068
,,,,1990,1134.49163572872
,,,,1991,1118.90597599887
,,,,1992,1098.66236501606
,,,,1993,1099.3764196218
,,,,1994,1100.78341502266
,,,,1995,1120.311406113
,,,,1996,1096.04466461848
,,,,1997,1083.05258342875
,,,,1998,1075.73675986572
,,,,1999,1083.32436307349
,,,,2000,1085.87220918592
,,,,2001,1100.33714075793
,,,,2002,1099.56683990461
,,,,2003,1078.35545068119
,,,,2004,1048.84097720938
,,,,2005,1060.88637217975
,,,,2006,1034.83597219242
,,,,2007,1002.12904594203
,,,,2008,989.809274137639
,,,,2009,1003.79153770968
,,,,2010,983.893301289536
,,,,2011,988.527287485882
,,,,2012,975.806188671215
,,,,2013,976.907093839384
,,,,2014,983.589509832409
Barbour County,1005,296,HIV/AIDS and tuberculosis,1980,1.11382751715124
,,,,1981,1.16324443822916
,,,,1982,1.19410707847118
,,,,1983,1.26455559525958
,,,,1984,1.42672748942822
,,,,1985,1.81088170972559
,,,,1986,2.4690266646162
,,,,1987,4.26115503136546
,,,,1988,5.18458612621494
,,,,1989,6.82146378677204
,,,,1990,7.85823853614365
,,,,1991,9.92379343568633
,,,,1992,11.1141309489873
,,,,1993,12.6029505760006
,,,,1994,14.8210978328144
,,,,1995,15.6472389946576
,,,,1996,11.6893568116848
,,,,1997,7.1580776793177
,,,,1998,6.10870931241154
,,,,1999,6.55854862646579
,,,,2000,6.32550700241631
,,,,2001,6.2944903179077
,,,,2002,6.3575363047857
,,,,2003,6.39328570249605
,,,,2004,6.2802882976598
,,,,2005,6.1929308328722
,,,,2006,6.16967867911214
,,,,2007,5.79317248288804
,,,,2008,5.45183516232662
,,,,2009,5.27539729502727
,,,,2010,4.66890982042123
,,,,2011,4.47528338864511
,,,,2012,4.42509471522447
,,,,2013,4.3863899491279
,,,,2014,4.44657069662028
Barbour County,1005,301,"Diarrhea, lower respiratory, and other common infectious diseases",1980,36.6520165274103
,,,,1981,37.6176527475998
,,,,1982,37.1064202764024
,,,,1983,36.6202567316728
,,,,1984,36.8420777117277
,,,,1985,37.0918400814086
,,,,1986,37.432348305743
,,,,1987,37.8721186322525
,,,,1988,37.8870709691956
,,,,1989,38.2502639823744
,,,,1990,37.8427493044914
,,,,1991,38.3233310677743
,,,,1992,37.7010352419028
,,,,1993,39.149512657167
,,,,1994,41.6154168156733
,,,,1995,41.3212652509042
,,,,1996,39.8730535901057
,,,,1997,40.8130512972215
,,,,1998,41.0478774932721
,,,,1999,40.6785829616581
,,,,2000,39.8101985076821
,,,,2001,41.0274979922453
,,,,2002,39.6657368454071
,,,,2003,39.9710307735727
,,,,2004,38.0083474083357
,,,,2005,38.1900370198675
,,,,2006,38.1352113706842
,,,,2007,36.3757208573371
,,,,2008,35.4893136491992
,,,,2009,35.6389086460215
,,,,2010,35.6392544522997
,,,,2011,36.0088336519824
,,,,2012,36.8347288032408
,,,,2013,36.5987223185443
,,,,2014,37.0774049781513
Barbour County,1005,344,Neglected tropical diseases and malaria,1980,0.0660605295557943
,,,,1981,0.068691362112351
,,,,1982,0.0601669921567441
,,,,1983,0.0567716504963448
,,,,1984,0.0603856969627172
,,,,1985,0.0573890224311219
,,,,1986,0.0519781375875867
,,,,1987,0.0508458626423406
,,,,1988,0.0498444811960925
,,,,1989,0.0457894434237698
,,,,1990,0.0439316219466643
,,,,1991,0.0440082930654746
,,,,1992,0.0390031210256618
,,,,1993,0.0372912886450334
,,,,1994,0.0370314794566756
,,,,1995,0.0342605732243467
,,,,1996,0.0351728262454388
,,,,1997,0.0336805161753017
,,,,1998,0.0365766078068718
,,,,1999,0.039314062430484
,,,,2000,0.0446174308175399
,,,,2001,0.0510897274337876
,,,,2002,0.066339617583987
,,,,2003,0.0731133733336439
,,,,2004,0.0760037796327465
,,,,2005,0.0797679287753145
,,,,2006,0.0827830464375316
,,,,2007,0.0777451343317294
,,,,2008,0.0754748189172211
,,,,2009,0.072098155080403
,,,,2010,0.0736372590315744
,,,,2011,0.0706568468587522
,,,,2012,0.0774139989652336
,,,,2013,0.0793773030565219
,,,,2014,0.0698192095562702
Barbour County,1005,366,Maternal disorders,1980,0.447328023130761
,,,,1981,0.430502247372862
,,,,1982,0.406023935822789
,,,,1983,0.407186271816025
,,,,1984,0.401523780752599
,,,,1985,0.393846335298864
,,,,1986,0.409209034180355
,,,,1987,0.414239119756153
,,,,1988,0.42679152070777
,,,,1989,0.40562298271179
,,,,1990,0.394890774022423
,,,,1991,0.388105514738257
,,,,1992,0.351368873862972
,,,,1993,0.357008078013327
,,,,1994,0.355327442529507
,,,,1995,0.290286319194742
,,,,1996,0.272334514720585
,,,,1997,0.275909629749644
,,,,1998,0.270602790749727
,,,,1999,0.269779513625618
,,,,2000,0.281244817101866
,,,,2001,0.306530465327921
,,,,2002,0.318796039514737
,,,,2003,0.343758731400958
,,,,2004,0.351050579322405
,,,,2005,0.380863992473274
,,,,2006,0.389922040220509
,,,,2007,0.4012326518614
,,,,2008,0.394295577535349
,,,,2009,0.434571087721648
,,,,2010,0.408592706963044
,,,,2011,0.417194367826499
,,,,2012,0.406644334043693
,,,,2013,0.420532991200802
,,,,2014,0.383056743849648
Barbour County,1005,380,Neonatal disorders,1980,12.3019654286994
,,,,1981,11.6586572860497
,,,,1982,10.9351996994003
,,,,1983,10.1321823231209
,,,,1984,9.46222425131296
,,,,1985,9.25593734752542
,,,,1986,8.82016393738717
,,,,1987,8.65760454249215
,,,,1988,8.53190051447543
,,,,1989,8.49399778112759
,,,,1990,8.11830589893412
,,,,1991,7.77087914057248
,,,,1992,7.2618430992655
,,,,1993,7.01732378765869
,,,,1994,6.87284521013254
,,,,1995,6.59858802694437
,,,,1996,6.36413913850613
,,,,1997,6.39808989614252
,,,,1998,6.51354873189662
,,,,1999,6.59821442796658
,,,,2000,6.65383752461945
,,,,2001,6.66063664656786
,,,,2002,6.73059745447289
,,,,2003,6.79260483685652
,,,,2004,6.82298432417536
,,,,2005,6.90285962617545
,,,,2006,6.92015844263656
,,,,2007,6.88716306377652
,,,,2008,6.64194804812097
,,,,2009,6.37163861240208
,,,,2010,5.99326793028518
,,,,2011,5.73942974451737
,,,,2012,5.71558633933836
,,,,2013,5.62738842642198
,,,,2014,5.43057981112888
Barbour County,1005,386,Nutritional deficiencies,1980,2.35939233774707
,,,,1981,2.41109524240496
,,,,1982,2.31937401550569
,,,,1983,2.43958538104072
,,,,1984,2.33203056191513
,,,,1985,2.35954117967407
,,,,1986,2.33314717385178
,,,,1987,2.43757079071188
,,,,1988,2.41430052215262
,,,,1989,2.32017991501149
,,,,1990,2.3227122248893
,,,,1991,2.36070490534686
,,,,1992,2.36657855384445
,,,,1993,2.44407535549618
,,,,1994,2.6205157326656
,,,,1995,2.73679731759421
,,,,1996,2.69916134402612
,,,,1997,2.76260967490427
,,,,1998,2.89078345473137
,,,,1999,2.91776036884922
,,,,2000,2.88741582688541
,,,,2001,2.79264327621861
,,,,2002,2.69469818747172
,,,,2003,2.54744049507525
,,,,2004,2.33068503469635
,,,,2005,2.26594307848515
,,,,2006,2.28483256761105
,,,,2007,2.28162847159918
,,,,2008,2.07414882210732
,,,,2009,2.09642174836884
,,,,2010,2.05827845463467
,,,,2011,2.06930061675237
,,,,2012,2.10353990085712
,,,,2013,2.11111576097124
,,,,2014,2.09899272138423
Barbour County,1005,392,"Other communicable, maternal, neonatal, and nutritional diseases",1980,1.86084773039524
,,,,1981,1.85209823672754
,,,,1982,1.87335019424343
,,,,1983,1.90732546499963
,,,,1984,1.93772369420872
,,,,1985,2.01721935857711
,,,,1986,2.09270332510178
,,,,1987,2.24831029151914
,,,,1988,2.30506544800384
,,,,1989,2.33564279212047
,,,,1990,2.38915613455658
,,,,1991,2.47012670600655
,,,,1992,2.54691618941153
,,,,1993,2.63342935823427
,,,,1994,2.85261357191354
,,,,1995,2.95627475915104
,,,,1996,3.00108415830453
,,,,1997,3.12599990598098
,,,,1998,3.17370237754708
,,,,1999,3.24295153884524
,,,,2000,3.25693346963457
,,,,2001,3.15613862112094
,,,,2002,3.01909149303434
,,,,2003,2.82073383139402
,,,,2004,2.46670011514694
,,,,2005,2.09555536146718
,,,,2006,1.88401429671391
,,,,2007,1.69613044543735
,,,,2008,1.62536030762018
,,,,2009,1.57870573567989
,,,,2010,1.43669594917095
,,,,2011,1.46288711053744
,,,,2012,1.45093191804783
,,,,2013,1.46125924993062
,,,,2014,1.41827970617358
Barbour County,1005,410,Neoplasms,1980,260.63994103594
,,,,1981,260.096648138151
,,,,1982,255.775828840747
,,,,1983,259.972888397298
,,,,1984,261.201572641208
,,,,1985,266.480979784138
,,,,1986,265.481683518434
,,,,1987,267.403863845607
,,,,1988,269.920032021995
,,,,1989,269.844227625602
,,,,1990,272.111306333199
,,,,1991,271.652488305987
,,,,1992,270.537872078951
,,,,1993,269.867735992419
,,,,1994,272.234688448263
,,,,1995,278.991212295177
,,,,1996,274.487737141913
,,,,1997,271.467446867159
,,,,1998,267.015810455821
,,,,1999,270.462405359871
,,,,2000,271.61886874484
,,,,2001,275.454248891881
,,,,2002,273.671256451571
,,,,2003,268.604659308267
,,,,2004,259.849743388545
,,,,2005,262.787188561117
,,,,2006,260.799550989375
,,,,2007,254.510812850354
,,,,2008,254.800367584505
,,,,2009,257.845668881139
,,,,2010,256.721071301659
,,,,2011,256.428685953475
,,,,2012,257.13315042055
,,,,2013,257.778289530382
,,,,2014,260.262900110862
Barbour County,1005,491,Cardiovascular diseases,1980,515.534559537737
,,,,1981,513.111480867241
,,,,1982,496.215903497541
,,,,1983,486.091589520286
,,,,1984,475.051434178511
,,,,1985,468.709533881528
,,,,1986,455.190038891516
,,,,1987,448.211623213526
,,,,1988,436.495974784277
,,,,1989,423.020890344889
,,,,1990,417.725548950791
,,,,1991,408.995674503128
,,,,1992,391.845392333732
,,,,1993,388.678937955574
,,,,1994,383.032136024191
,,,,1995,387.075680009589
,,,,1996,378.738551415522
,,,,1997,370.094049677308
,,,,1998,364.16494918084
,,,,1999,364.519127958421
,,,,2000,364.286104695278
,,,,2001,357.360597802943
,,,,2002,347.960656354284
,,,,2003,329.328736934128
,,,,2004,305.589731982429
,,,,2005,301.036425917316
,,,,2006,289.453415687899
,,,,2007,277.97714353534
,,,,2008,266.313559767433
,,,,2009,267.181035297039
,,,,2010,264.634197008321
,,,,2011,262.28482263217
,,,,2012,255.313350971491
,,,,2013,257.125674645941
,,,,2014,255.094896784624
Barbour County,1005,508,Chronic respiratory diseases,1980,42.8391882904939
,,,,1981,43.3885849407992
,,,,1982,42.6020882151553
,,,,1983,44.1682740860872
,,,,1984,44.8118709355704
,,,,1985,46.7825417694235
,,,,1986,47.1288272667182
,,,,1987,48.143833958646
,,,,1988,49.2340390135905
,,,,1989,49.5009125370929
,,,,1990,50.0468996042535
,,,,1991,51.1139272032872
,,,,1992,51.9021782733935
,,,,1993,53.4534395489912
,,,,1994,54.8995672338034
,,,,1995,57.0730397361293
,,,,1996,57.7020864002548
,,,,1997,59.1844754698127
,,,,1998,60.4324530209536
,,,,1999,63.7276596260605
,,,,2000,65.1927538321382
,,,,2001,67.4769240080512
,,,,2002,68.1853255723815
,,,,2003,67.891091711736
,,,,2004,65.7660375536423
,,,,2005,66.9257378888438
,,,,2006,67.4322452809865
,,,,2007,66.0288535754565
,,,,2008,66.9925522311256
,,,,2009,67.9681164148028
,,,,2010,67.5212714346957
,,,,2011,68.7534879520017
,,,,2012,68.671787893548
,,,,2013,69.2783992513457
,,,,2014,69.8173517356905
Barbour County,1005,521,Cirrhosis and other chronic liver diseases,1980,19.7613307281954
,,,,1981,19.414059518304
,,,,1982,18.9149713591333
,,,,1983,19.0566963329806
,,,,1984,18.6238026406311
,,,,1985,18.6071339522953
,,,,1986,18.3927722860049
,,,,1987,18.1649469174347
,,,,1988,18.1337358439601
,,,,1989,17.7448872135942
,,,,1990,17.4307246511314
,,,,1991,17.1656746753769
,,,,1992,16.9773413891716
,,,,1993,16.8041040610731
,,,,1994,16.7349315397691
,,,,1995,16.9003003754624
,,,,1996,16.731226402374
,,,,1997,16.6288430644923
,,,,1998,16.4250010433875
,,,,1999,17.114263147908
,,,,2000,17.6088257487043
,,,,2001,18.1346514055775
,,,,2002,18.7439019829272
,,,,2003,18.9431044796865
,,,,2004,18.8233756886021
,,,,2005,19.2023369864827
,,,,2006,19.9959415848004
,,,,2007,19.8826683729952
,,,,2008,20.2428529673521
,,,,2009,20.8092129107097
,,,,2010,20.4306844615699
,,,,2011,21.1341446519486
,,,,2012,21.0720746763267
,,,,2013,21.1653368974925
,,,,2014,20.7073041001222
Barbour County,1005,526,Digestive diseases,1980,23.5768182748652
,,,,1981,23.3246999295494
,,,,1982,22.5307109942475
,,,,1983,22.5640714642607
,,,,1984,22.4051388111646
,,,,1985,22.511349768431
,,,,1986,22.0772869705551
,,,,1987,21.8846280499496
,,,,1988,21.7382834184155
,,,,1989,21.256898821764
,,,,1990,20.9615766917466
,,,,1991,20.8808998005756
,,,,1992,20.5101147692087
,,,,1993,20.2574643813288
,,,,1994,20.3803160236544
,,,,1995,20.4788170874967
,,,,1996,20.110732207032
,,,,1997,20.0178591384822
,,,,1998,19.5240685043637
,,,,1999,19.8660970005295
,,,,2000,19.8742131054938
,,,,2001,20.0959545145418
,,,,2002,19.7578787222027
,,,,2003,19.1811246164951
,,,,2004,18.3765477725534
,,,,2005,18.1399755792241
,,,,2006,18.2261621832021
,,,,2007,17.611561753835
,,,,2008,17.3027674947297
,,,,2009,17.1678768194384
,,,,2010,16.7833207882944
,,,,2011,16.8842199165666
,,,,2012,16.7025229062973
,,,,2013,16.5855284421749
,,,,2014,16.2653209466456
Barbour County,1005,542,Neurological disorders,1980,72.1837145951165
,,,,1981,72.2464558440173
,,,,1982,71.7669690137262
,,,,1983,74.8849006816067
,,,,1984,75.9408724652791
,,,,1985,77.1236061905411
,,,,1986,78.0260320409729
,,,,1987,79.6501056973955
,,,,1988,80.5221196790501
,,,,1989,83.7507941734388
,,,,1990,86.8571543830399
,,,,1991,85.3261223743643
,,,,1992,87.978779325899
,,,,1993,89.499267233738
,,,,1994,91.3984047489198
,,,,1995,94.863261789328
,,,,1996,97.4396068396017
,,,,1997,97.7673325108073
,,,,1998,107.897672204959
,,,,1999,106.146705312696
,,,,2000,107.89001692643
,,,,2001,112.229190252905
,,,,2002,114.256329933738
,,,,2003,114.849909409871
,,,,2004,113.47283015847
,,,,2005,124.285010635051
,,,,2006,127.00456579976
,,,,2007,121.201098980799
,,,,2008,118.362166632843
,,,,2009,131.84528268284
,,,,2010,123.618206813683
,,,,2011,127.869036587548
,,,,2012,130.833089108075
,,,,2013,133.689537766498
,,,,2014,140.258912673801
Barbour County,1005,558,Mental and substance use disorders,1980,4.67472777859016
,,,,1981,4.36204613583971
,,,,1982,4.06110171257938
,,,,1983,4.03110038708682
,,,,1984,4.15168092570872
,,,,1985,3.98244155927102
,,,,1986,3.95680538236026
,,,,1987,3.97284835990995
,,,,1988,4.01206962649977
,,,,1989,4.04243411204095
,,,,1990,4.10560878771679
,,,,1991,4.1207933963184
,,,,1992,4.07387696779843
,,,,1993,4.19153279698517
,,,,1994,4.23167557281344
,,,,1995,4.62515704734254
,,,,1996,4.41418440802977
,,,,1997,4.67608509116907
,,,,1998,4.76569353767363
,,,,1999,5.02287318479349
,,,,2000,5.37635942106499
,,,,2001,6.26216781330115
,,,,2002,6.30591613751271
,,,,2003,7.06191174893077
,,,,2004,7.19767093423623
,,,,2005,7.17684649939433
,,,,2006,7.99852129852026
,,,,2007,7.66600208910619
,,,,2008,8.24290131195483
,,,,2009,8.89094937245288
,,,,2010,8.03405694593573
,,,,2011,8.58602458431653
,,,,2012,8.87414918910412
,,,,2013,8.8466166579771
,,,,2014,8.27846701430363
Barbour County,1005,586,"Diabetes, urogenital, blood, and endocrine diseases",1980,64.0218516655286
,,,,1981,64.3167997647428
,,,,1982,61.7726110961
,,,,1983,63.0691477714777
,,,,1984,63.1238257547447
,,,,1985,63.8785591671513
,,,,1986,64.2419113584767
,,,,1987,63.2882032510795
,,,,1988,63.903485565359
,,,,1989,62.9959958647571
,,,,1990,64.9287753708194
,,,,1991,66.1848809797227
,,,,1992,66.1046552146266
,,,,1993,66.905070236128
,,,,1994,69.566026310613
,,,,1995,70.8753341427871
,,,,1996,71.6112587181355
,,,,1997,74.1255622270011
,,,,1998,74.3559677089518
,,,,1999,76.1596818042943
,,,,2000,77.2111952790627
,,,,2001,79.1377286231729
,,,,2002,80.2140887611162
,,,,2003,78.5655708845607
,,,,2004,77.544986183915
,,,,2005,77.9616063088165
,,,,2006,78.3596818953187
,,,,2007,75.4477347076083
,,,,2008,73.7179041908107
,,,,2009,73.901659737407
,,,,2010,73.1242404502806
,,,,2011,73.7747730865328
,,,,2012,72.7747577442091
,,,,2013,72.7931355630325
,,,,2014,72.7319699756947
Barbour County,1005,626,Musculoskeletal disorders,1980,3.02467646491192
,,,,1981,3.01045752263253
,,,,1982,2.9547651884574
,,,,1983,3.00048560992807
,,,,1984,2.97476693056766
,,,,1985,2.99521651146109
,,,,1986,2.98302421037442
,,,,1987,2.99475301848814
,,,,1988,3.02972989302834
,,,,1989,3.0541991025084
,,,,1990,3.08511236434183
,,,,1991,3.09440325406787
,,,,1992,3.08106229414147
,,,,1993,3.13677460059625
,,,,1994,3.21151159708679
,,,,1995,3.32001504623533
,,,,1996,3.32343061692003
,,,,1997,3.36146812729398
,,,,1998,3.35896799985487
,,,,1999,3.53794896123244
,,,,2000,3.62457704289805
,,,,2001,3.66466641605928
,,,,2002,3.63964296399575
,,,,2003,3.52729752434338
,,,,2004,3.3629238051845
,,,,2005,3.32596264800669
,,,,2006,3.29897785596271
,,,,2007,3.17314297959925
,,,,2008,3.07555072801319
,,,,2009,3.03397565758031
,,,,2010,2.91841331480494
,,,,2011,2.92392010684502
,,,,2012,2.8815987942976
,,,,2013,2.86746391905603
,,,,2014,2.86579841301669
Barbour County,1005,640,Other non-communicable diseases,1980,12.3145479640533
,,,,1981,12.0999841865576
,,,,1982,11.7600468680123
,,,,1983,11.6870371270244
,,,,1984,11.5085739698385
,,,,1985,11.5329846578356
,,,,1986,11.2659696938019
,,,,1987,11.1519318259138
,,,,1988,11.1037265291145
,,,,1989,11.0542901095015
,,,,1990,11.0378834111165
,,,,1991,10.7567902772246
,,,,1992,10.3922857885042
,,,,1993,10.0180435316841
,,,,1994,9.66003459624326
,,,,1995,9.57149811252013
,,,,1996,9.36011042754787
,,,,1997,9.15058181775363
,,,,1998,8.94652849160451
,,,,1999,8.93998421655943
,,,,2000,8.98196471323907
,,,,2001,8.99010863822171
,,,,2002,8.96361007680514
,,,,2003,8.75534003126769
,,,,2004,8.52807514585817
,,,,2005,8.4971058041624
,,,,2006,8.50646784993741
,,,,2007,8.33378047426657
,,,,2008,8.24004623113837
,,,,2009,8.30369473784166
,,,,2010,7.98218793577607
,,,,2011,8.05101369822136
,,,,2012,7.99719907773134
,,,,2013,7.98978406157007
,,,,2014,7.8893484591877
Barbour County,1005,688,Transport injuries,1980,40.085351337295
,,,,1981,41.138875710922
,,,,1982,37.3055881868571
,,,,1983,36.7506990942974
,,,,1984,35.8416040974589
,,,,1985,36.4022663704308
,,,,1986,36.716535038662
,,,,1987,36.2976038605948
,,,,1988,37.3512231258485
,,,,1989,37.8710611831492
,,,,1990,37.4873694559475
,,,,1991,35.6356768019464
,,,,1992,34.3953323685316
,,,,1993,34.8020544848614
,,,,1994,34.0927642229103
,,,,1995,35.5183517238335
,,,,1996,33.2237636626503
,,,,1997,33.9567770209892
,,,,1998,32.8509619539984
,,,,1999,33.5884604357229
,,,,2000,33.18335149334
,,,,2001,33.8941092311225
,,,,2002,34.0278793689408
,,,,2003,33.6080796840282
,,,,2004,33.5627546738847
,,,,2005,34.5829559822234
,,,,2006,32.4985202756292
,,,,2007,31.032791979792
,,,,2008,29.5406757428932
,,,,2009,29.2530511992456
,,,,2010,28.0888047582451
,,,,2011,27.8239824184459
,,,,2012,27.3236619112389
,,,,2013,26.9324427602559
,,,,2014,27.1031257423521
Barbour County,1005,696,Unintentional injuries,1980,42.5396062453895
,,,,1981,43.3368952281197
,,,,1982,39.579748189029
,,,,1983,38.438127604407
,,,,1984,36.8264992692711
,,,,1985,36.9794546856427
,,,,1986,35.4424724845244
,,,,1987,34.5040507206589
,,,,1988,34.5075860079114
,,,,1989,33.7435594929774
,,,,1990,34.5343447026577
,,,,1991,31.7924843592194
,,,,1992,31.1767922291332
,,,,1993,30.6599908698227
,,,,1994,29.4755954948522
,,,,1995,30.3563770570259
,,,,1996,28.6545932393723
,,,,1997,28.3138478948427
,,,,1998,28.2174785201154
,,,,1999,28.2546447899417
,,,,2000,27.8360598139054
,,,,2001,28.5265671145348
,,,,2002,28.6302839026753
,,,,2003,27.3983437612328
,,,,2004,26.9967571163878
,,,,2005,27.3793217164325
,,,,2006,26.9759858720382
,,,,2007,26.3715917446313
,,,,2008,25.7844191555847
,,,,2009,26.2775205862221
,,,,2010,25.3590840822904
,,,,2011,25.717096676807
,,,,2012,25.1154370597761
,,,,2013,25.1766337836231
,,,,2014,24.5615091369723
Barbour County,1005,717,Self-harm and interpersonal violence,1980,33.4644788646558
,,,,1981,33.9780955379828
,,,,1982,31.7489016983905
,,,,1983,30.80586699634
,,,,1984,31.502494317081
,,,,1985,31.4187097110398
,,,,1986,30.8595747614835
,,,,1987,30.3600663043165
,,,,1988,30.7066855904635
,,,,1989,30.6064434244471
,,,,1990,31.0372349883819
,,,,1991,30.7874061114091
,,,,1992,31.2992796294963
,,,,1993,30.0530050402782
,,,,1994,29.8098746571366
,,,,1995,30.2486146680931
,,,,1996,28.1395764188816
,,,,1997,27.7210870460378
,,,,1998,26.5858600924492
,,,,1999,26.4748798071646
,,,,2000,26.0241040021752
,,,,2001,27.4354659027379
,,,,2002,27.8448441301615
,,,,2003,26.9514029593312
,,,,2004,26.7759518782229
,,,,2005,27.4026682438275
,,,,2006,26.6958971487121
,,,,2007,25.8043225690727
,,,,2008,25.5728201107806
,,,,2009,26.5104674842113
,,,,2010,26.3251133021253
,,,,2011,27.283048502465
,,,,2012,26.8381970765929
,,,,2013,26.9951986088976
,,,,2014,26.7949468980271
Barbour County,1005,728,"Forces of nature, war, and legal intervention",1980,0.401342045130493
,,,,1981,0.359161718707017
,,,,1982,0.34850316818813
,,,,1983,0.32555693783296
,,,,1984,0.41965323986275
,,,,1985,0.409979400902567
,,,,1986,0.277093022239051
,,,,1987,0.323502540288505
,,,,1988,0.24165930720013
,,,,1989,0.40462968583336
,,,,1990,0.337427685009388
,,,,1991,0.257321516677945
,,,,1992,0.296950286471436
,,,,1993,0.282875759734147
,,,,1994,0.340746091328512
,,,,1995,0.293894667950657
,,,,1996,0.319878106193242
,,,,1997,0.303061213985276
,,,,1998,0.410367114064733
,,,,1999,0.421244004925548
,,,,2000,0.30446280782398
,,,,2001,1.1248189358406
,,,,2002,0.107443515743075
,,,,2003,0.35512525721835
,,,,2004,0.583145266402975
,,,,2005,1.7003571457242
,,,,2006,0.543639478716438
,,,,2007,0.612239024627932
,,,,2008,0.355804469064786
,,,,2009,0.302018561068364
,,,,2010,0.343381631290843
,,,,2011,0.5624045186901
,,,,2012,0.273577935026584
,,,,2013,0.149568241475794
,,,,2014,0.0909635447345515
Bibb County,1007,294,All causes,1980,1208.84151633641
,,,,1981,1197.68860593131
,,,,1982,1179.31117206738
,,,,1983,1184.78164157374
,,,,1984,1184.25693540809
,,,,1985,1201.511482354
,,,,1986,1188.71379950259
,,,,1987,1189.52224372477
,,,,1988,1187.40722020491
,,,,1989,1170.20419799839
,,,,1990,1161.78348946522
,,,,1991,1159.51866498179
,,,,1992,1147.0518956327
,,,,1993,1171.01187896332
,,,,1994,1169.81635385617
,,,,1995,1187.3997064201
,,,,1996,1172.38879550534
,,,,1997,1152.2854934485
,,,,1998,1150.6043715028
,,,,1999,1169.90946416689
,,,,2000,1150.09467379618
,,,,2001,1162.4324024544
,,,,2002,1170.48963158356
,,,,2003,1166.91706493147
,,,,2004,1138.51620799133
,,,,2005,1147.58298862236
,,,,2006,1131.23713478895
,,,,2007,1103.36302893518
,,,,2008,1110.2192330777
,,,,2009,1093.46184384706
,,,,2010,1086.65071777718
,,,,2011,1098.01589744679
,,,,2012,1096.3199669041
,,,,2013,1098.99496712094
,,,,2014,1105.35531252856
Bibb County,1007,296,HIV/AIDS and tuberculosis,1980,0.882977274700728
,,,,1981,0.885896171783294
,,,,1982,0.88829960784984
,,,,1983,0.90955113117731
,,,,1984,0.989803103204045
,,,,1985,1.21029608024761
,,,,1986,1.56308574405305
,,,,1987,2.67991354824086
,,,,1988,3.37169854333024
,,,,1989,4.58063731470326
,,,,1990,5.13047679536839
,,,,1991,6.37972912747866
,,,,1992,7.3867596466373
,,,,1993,8.52215700526135
,,,,1994,9.44765310919113
,,,,1995,9.69276294898966
,,,,1996,7.11933437057694
,,,,1997,3.72401039521648
,,,,1998,3.08487595639842
,,,,1999,3.35051438705788
,,,,2000,2.89345976857612
,,,,2001,2.92503679057472
,,,,2002,2.95362592986925
,,,,2003,2.90143135186557
,,,,2004,2.69771153573215
,,,,2005,2.64917046599019
,,,,2006,2.47530593874139
,,,,2007,2.36043917319076
,,,,2008,2.13809220159536
,,,,2009,2.01745069107192
,,,,2010,1.74058390058076
,,,,2011,1.60798753573482
,,,,2012,1.52242242488426
,,,,2013,1.45694083262093
,,,,2014,1.50670293669766
Bibb County,1007,301,"Diarrhea, lower respiratory, and other common infectious diseases",1980,36.8049501473053
,,,,1981,37.16300517929
,,,,1982,37.2826699235064
,,,,1983,37.6388645810291
,,,,1984,37.4390132276602
,,,,1985,39.8263217573791
,,,,1986,40.165322134861
,,,,1987,40.0935475908042
,,,,1988,41.9668755796508
,,,,1989,42.0161266024885
,,,,1990,42.2883525838396
,,,,1991,43.4884541042167
,,,,1992,42.6867959963645
,,,,1993,44.5512162908658
,,,,1994,45.6637154529654
,,,,1995,45.0520403985267
,,,,1996,46.6648098565776
,,,,1997,45.4734809033984
,,,,1998,46.5600384753799
,,,,1999,49.367711932835
,,,,2000,46.0885539700659
,,,,2001,45.8023643405576
,,,,2002,45.9020989946416
,,,,2003,45.6269475947301
,,,,2004,43.8192858261874
,,,,2005,43.3231770785137
,,,,2006,42.4935894134257
,,,,2007,42.9094103857239
,,,,2008,42.319896153519
,,,,2009,41.6946781586471
,,,,2010,42.2496942798538
,,,,2011,42.3399607968671
,,,,2012,43.2001973510621
,,,,2013,44.4158036760184
,,,,2014,45.023710611899
Bibb County,1007,344,Neglected tropical diseases and malaria,1980,0.0590977028347741
,,,,1981,0.0611954792751379
,,,,1982,0.0541984079616533
,,,,1983,0.0506420388878609
,,,,1984,0.0541980976677536
,,,,1985,0.0524919644744798
,,,,1986,0.0467066775515486
,,,,1987,0.0466314149489602
,,,,1988,0.0465237410232935
,,,,1989,0.0440968948229706
,,,,1990,0.0427060834275829
,,,,1991,0.0426366855785829
,,,,1992,0.0389343858360098
,,,,1993,0.0378600602963875
,,,,1994,0.0368101797210823
,,,,1995,0.0340406449757809
,,,,1996,0.0349174143110833
,,,,1997,0.031259608118228
,,,,1998,0.0340227854658534
,,,,1999,0.0376172773022421
,,,,2000,0.0406429418733838
,,,,2001,0.0468974795122684
,,,,2002,0.0600705083065526
,,,,2003,0.0646818195532277
,,,,2004,0.0666247388885807
,,,,2005,0.0693505984871505
,,,,2006,0.0693281956226666
,,,,2007,0.0658846669655408
,,,,2008,0.063686686568265
,,,,2009,0.0593726683998061
,,,,2010,0.0604704732297709
,,,,2011,0.0586065822006812
,,,,2012,0.0641738787285269
,,,,2013,0.064904705996275
,,,,2014,0.0566925662219118
Bibb County,1007,366,Maternal disorders,1980,0.280497046160184
,,,,1981,0.277797511120657
,,,,1982,0.262092163382277
,,,,1983,0.260986557503276
,,,,1984,0.259926385339006
,,,,1985,0.261220413180184
,,,,1986,0.274215094519823
,,,,1987,0.288770914103482
,,,,1988,0.309040553517259
,,,,1989,0.311062638600174
,,,,1990,0.315725562725309
,,,,1991,0.345395164965245
,,,,1992,0.325580001814346
,,,,1993,0.339246408953445
,,,,1994,0.349012685153334
,,,,1995,0.304521283665569
,,,,1996,0.28458866938715
,,,,1997,0.269030057928213
,,,,1998,0.261444989485245
,,,,1999,0.276125591122781
,,,,2000,0.301283026291964
,,,,2001,0.294834973687916
,,,,2002,0.315321124637675
,,,,2003,0.333412854614149
,,,,2004,0.35106905372134
,,,,2005,0.371025213532953
,,,,2006,0.371343732158395
,,,,2007,0.376911065096763
,,,,2008,0.37434733998649
,,,,2009,0.380047530038159
,,,,2010,0.364063893395915
,,,,2011,0.369253219364685
,,,,2012,0.359083013606332
,,,,2013,0.367404747420943
,,,,2014,0.350811610873561
Bibb County,1007,380,Neonatal disorders,1980,11.2831457899733
,,,,1981,10.6716637071601
,,,,1982,10.1917957004622
,,,,1983,9.45757995805279
,,,,1984,8.91887161216863
,,,,1985,8.87601017669197
,,,,1986,8.44507865593856
,,,,1987,8.24103017995721
,,,,1988,8.2768837736617
,,,,1989,8.22504703711668
,,,,1990,7.92148591351022
,,,,1991,7.65619129804028
,,,,1992,7.18816542113666
,,,,1993,7.0432425995091
,,,,1994,6.75312397140434
,,,,1995,6.43560885103136
,,,,1996,6.45077176200299
,,,,1997,6.32659261689165
,,,,1998,6.54917065085437
,,,,1999,6.79211784639977
,,,,2000,6.59430934094254
,,,,2001,6.66521869715717
,,,,2002,6.81702704966019
,,,,2003,6.94241246742276
,,,,2004,6.94956531713194
,,,,2005,7.1367530397167
,,,,2006,7.05789004478114
,,,,2007,7.23241411345574
,,,,2008,7.08518157927944
,,,,2009,6.57491576236734
,,,,2010,6.2859857487858
,,,,2011,6.17587830297185
,,,,2012,6.17578577070219
,,,,2013,6.14205915583393
,,,,2014,5.89485226296549
Bibb County,1007,386,Nutritional deficiencies,1980,2.41348933640063
,,,,1981,2.40674924527957
,,,,1982,2.48088576012807
,,,,1983,2.51001074869519
,,,,1984,2.51656270792796
,,,,1985,2.61183826191936
,,,,1986,2.55814073454932
,,,,1987,2.6573827634489
,,,,1988,2.66790250843363
,,,,1989,2.67488292628069
,,,,1990,2.69745164455175
,,,,1991,2.84044479978651
,,,,1992,2.77340337235995
,,,,1993,2.92714548936503
,,,,1994,3.02635100312368
,,,,1995,3.13744639358036
,,,,1996,3.23799068707721
,,,,1997,3.2736651816039
,,,,1998,3.35176241860982
,,,,1999,3.55484095891377
,,,,2000,3.42162191038809
,,,,2001,3.31649779048135
,,,,2002,3.26555878009501
,,,,2003,2.99906562561822
,,,,2004,2.68746834406508
,,,,2005,2.69194313605207
,,,,2006,2.53024240173944
,,,,2007,2.54877429889268
,,,,2008,2.58053999511757
,,,,2009,2.52967242951018
,,,,2010,2.49902698201595
,,,,2011,2.56866971170618
,,,,2012,2.68101925920759
,,,,2013,2.54737914786303
,,,,2014,2.63292670916967
Bibb County,1007,392,"Other communicable, maternal, neonatal, and nutritional diseases",1980,1.5783803768106
,,,,1981,1.57825986826328
,,,,1982,1.62619096707227
,,,,1983,1.66698817213154
,,,,1984,1.72320316686178
,,,,1985,1.84348258674481
,,,,1986,1.91036376580019
,,,,1987,2.10358129846287
,,,,1988,2.22936461379942
,,,,1989,2.33480696484714
,,,,1990,2.41269310245984
,,,,1991,2.55276978542676
,,,,1992,2.67858394376584
,,,,1993,2.84109915445957
,,,,1994,2.97465980404665
,,,,1995,3.09197590518136
,,,,1996,3.23581589938969
,,,,1997,3.08948120750443
,,,,1998,3.1804644549884
,,,,1999,3.22961665788727
,,,,2000,3.10085644905284
,,,,2001,3.07154777181368
,,,,2002,2.94559823118524
,,,,2003,2.7099929726207
,,,,2004,2.36604897398654
,,,,2005,2.07617167872545
,,,,2006,1.77280078455482
,,,,2007,1.61390106629308
,,,,2008,1.51675930980511
,,,,2009,1.46580728167912
,,,,2010,1.4244001938963
,,,,2011,1.38658111311881
,,,,2012,1.37579769877549
,,,,2013,1.34824772008159
,,,,2014,1.38744887143762
Bibb County,1007,410,Neoplasms,1980,248.807017239903
,,,,1981,245.783689320256
,,,,1982,243.187371760115
,,,,1983,245.623900456748
,,,,1984,248.182149784404
,,,,1985,253.443561310584
,,,,1986,253.369553031761
,,,,1987,255.509117015299
,,,,1988,255.01433595373
,,,,1989,255.323707883436
,,,,1990,254.887328773017
,,,,1991,255.280383222949
,,,,1992,254.090740659605
,,,,1993,260.018050064433
,,,,1994,259.166684179497
,,,,1995,263.609557624963
,,,,1996,260.463438553412
,,,,1997,255.775061296478
,,,,1998,256.320955679347
,,,,1999,259.712150462263
,,,,2000,256.230638670129
,,,,2001,258.877325158524
,,,,2002,256.78666965665
,,,,2003,253.199840980724
,,,,2004,245.959155875546
,,,,2005,248.099551204243
,,,,2006,246.182165790522
,,,,2007,241.659348696931
,,,,2008,243.706870168011
,,,,2009,242.531385730647
,,,,2010,241.609315943288
,,,,2011,241.575546339493
,,,,2012,242.812537299084
,,,,2013,242.903018363603
,,,,2014,246.73701939264
Bibb County,1007,491,Cardiovascular diseases,1980,548.689369439045
,,,,1981,547.192817769445
,,,,1982,535.929387669096
,,,,1983,536.868805690555
,,,,1984,532.476902690541
,,,,1985,532.764136161976
,,,,1986,520.666894711741
,,,,1987,515.271528363879
,,,,1988,507.386616861405
,,,,1989,492.599774114886
,,,,1990,484.335992704998
,,,,1991,483.50828722236
,,,,1992,477.565728232045
,,,,1993,484.460164837342
,,,,1994,481.666471679887
,,,,1995,491.836100364082
,,,,1996,484.159061302594
,,,,1997,475.714691875085
,,,,1998,473.233673983665
,,,,1999,476.645350287182
,,,,2000,463.343671164113
,,,,2001,460.648258293556
,,,,2002,458.221558301089
,,,,2003,440.654225339802
,,,,2004,411.221625506529
,,,,2005,409.251858844196
,,,,2006,399.877902594086
,,,,2007,384.01558413718
,,,,2008,385.763945094213
,,,,2009,376.314682504273
,,,,2010,374.270289977549
,,,,2011,374.177455001904
,,,,2012,373.63959278658
,,,,2013,370.905745950644
,,,,2014,378.090680856756
Bibb County,1007,508,Chronic respiratory diseases,1980,46.1431339086006
,,,,1981,46.1977894512402
,,,,1982,46.2366939945118
,,,,1983,48.1871361290971
,,,,1984,49.2668487535824
,,,,1985,51.209245792755
,,,,1986,52.05525929116
,,,,1987,53.3311921513754
,,,,1988,54.0570639635666
,,,,1989,54.4401365651951
,,,,1990,56.2389803691811
,,,,1991,56.493382617029
,,,,1992,57.221952108558
,,,,1993,60.6980595980876
,,,,1994,62.2412258586917
,,,,1995,65.0829751738407
,,,,1996,65.631026607108
,,,,1997,66.9206556070569
,,,,1998,69.1489540624302
,,,,1999,72.8816837968075
,,,,2000,74.1338120829462
,,,,2001,76.5674992685924
,,,,2002,77.2768453595636
,,,,2003,76.7001026333373
,,,,2004,75.4570579247504
,,,,2005,76.9317257857226
,,,,2006,76.8422836577268
,,,,2007,77.0924949293986
,,,,2008,79.3455442671654
,,,,2009,79.6620152089613
,,,,2010,80.5086879985557
,,,,2011,81.5451177905653
,,,,2012,82.7674565915305
,,,,2013,83.2991097689899
,,,,2014,84.4939740827381
Bibb County,1007,521,Cirrhosis and other chronic liver diseases,1980,16.7382452693345
,,,,1981,16.6240781250834
,,,,1982,16.2930492431029
,,,,1983,16.3529867551592
,,,,1984,16.2483372952733
,,,,1985,16.3937227410291
,,,,1986,16.2944214425642
,,,,1987,16.1306960611483
,,,,1988,15.9803448506758
,,,,1989,15.9278831784652
,,,,1990,15.6594764180213
,,,,1991,15.4000626033777
,,,,1992,15.2460181464705
,,,,1993,15.514644200496
,,,,1994,15.3460276619544
,,,,1995,15.5737246641564
,,,,1996,15.3044400739595
,,,,1997,15.1282493840132
,,,,1998,15.270629587508
,,,,1999,15.7693503247396
,,,,2000,15.8087084169533
,,,,2001,16.6025565145805
,,,,2002,16.8877767220785
,,,,2003,17.1661408379805
,,,,2004,17.0438033373755
,,,,2005,17.9967613630179
,,,,2006,18.1699317381949
,,,,2007,18.3186837364478
,,,,2008,19.1773679645786
,,,,2009,19.3508016497046
,,,,2010,19.4866763142147
,,,,2011,20.0430475316096
,,,,2012,20.0314393928711
,,,,2013,20.3688992376844
,,,,2014,20.2242612229561
Bibb County,1007,526,Digestive diseases,1980,23.673427579873
,,,,1981,23.3396421074511
,,,,1982,22.9550238014283
,,,,1983,22.8392648949602
,,,,1984,22.9547504708179
,,,,1985,23.3055082962404
,,,,1986,22.9609133681524
,,,,1987,22.9836594111163
,,,,1988,22.7699775060904
,,,,1989,22.5415014043201
,,,,1990,22.1985119688902
,,,,1991,22.1022303063678
,,,,1992,21.7561238519983
,,,,1993,22.0542756541701
,,,,1994,21.8104542203509
,,,,1995,21.9665605998823
,,,,1996,21.6363259352628
,,,,1997,21.4349645728352
,,,,1998,21.3100785997037
,,,,1999,21.5287986648323
,,,,2000,21.1589472076715
,,,,2001,21.56499568326
,,,,2002,21.1113662649619
,,,,2003,20.4314845498546
,,,,2004,19.5174560973155
,,,,2005,19.5370291563397
,,,,2006,19.2038345741622
,,,,2007,18.6939684728902
,,,,2008,18.6061163787143
,,,,2009,18.4454154832178
,,,,2010,18.3599562586131
,,,,2011,18.060409691378
,,,,2012,18.005527062537
,,,,2013,17.6246562126718
,,,,2014,17.8669268437682
Bibb County,1007,542,Neurological disorders,1980,49.7383799828384
,,,,1981,49.8610227018476
,,,,1982,50.5051929011965
,,,,1983,52.1749673116176
,,,,1984,52.5687449983491
,,,,1985,54.3719180365301
,,,,1986,55.0368629771575
,,,,1987,56.2316079310075
,,,,1988,57.2107444469968
,,,,1989,58.0390485375461
,,,,1990,59.6392045267555
,,,,1991,60.0826044481682
,,,,1992,61.266940567659
,,,,1993,63.4115442464605
,,,,1994,64.6425401098055
,,,,1995,66.9942407250197
,,,,1996,68.2921807858567
,,,,1997,69.7359744785197
,,,,1998,72.5039794430262
,,,,1999,75.4645672663483
,,,,2000,78.3844314794515
,,,,2001,79.9450971799684
,,,,2002,80.2839915362238
,,,,2003,78.7359756372793
,,,,2004,78.5573444908356
,,,,2005,79.6225622461477
,,,,2006,82.6521991630118
,,,,2007,79.9666268135885
,,,,2008,85.2929720636058
,,,,2009,86.6046129569584
,,,,2010,83.1841002921217
,,,,2011,90.8146860931254
,,,,2012,85.7142006243079
,,,,2013,90.3876729383957
,,,,2014,93.5731276325804
Bibb County,1007,558,Mental and substance use disorders,1980,2.82913399864731
,,,,1981,2.84433233010273
,,,,1982,2.77099526277335
,,,,1983,2.87310344611917
,,,,1984,3.03287559654686
,,,,1985,3.12262617023092
,,,,1986,3.14622771133915
,,,,1987,3.31005995196002
,,,,1988,3.52087445611147
,,,,1989,3.63126994757401
,,,,1990,3.97931221503565
,,,,1991,3.87412448388264
,,,,1992,3.9294063003532
,,,,1993,4.19924828304272
,,,,1994,4.35388188239487
,,,,1995,4.7216191019895
,,,,1996,4.84392703613194
,,,,1997,4.94306853473512
,,,,1998,5.13661593555352
,,,,1999,5.65502295295557
,,,,2000,6.21959308026178
,,,,2001,6.97229178884676
,,,,2002,7.53557639081246
,,,,2003,8.42460285891688
,,,,2004,8.77783573302092
,,,,2005,9.5951928925306
,,,,2006,11.2894755772156
,,,,2007,11.2228711468479
,,,,2008,11.7916587841736
,,,,2009,13.3181727866957
,,,,2010,12.5221365448058
,,,,2011,12.8278379830953
,,,,2012,14.0211276041097
,,,,2013,13.6263400384834
,,,,2014,14.4409974309341
Bibb County,1007,586,"Diabetes, urogenital, blood, and endocrine diseases",1980,72.2516256815126
,,,,1981,72.2264477340626
,,,,1982,71.1579243129089
,,,,1983,72.1321189085721
,,,,1984,73.479030515174
,,,,1985,75.0065418287837
,,,,1986,73.5836077193139
,,,,1987,73.8759788771281
,,,,1988,75.6118253604995
,,,,1989,74.3459954188545
,,,,1990,75.4099676076119
,,,,1991,76.032029999071
,,,,1992,76.3876429305571
,,,,1993,79.5352207745137
,,,,1994,79.803975062122
,,,,1995,81.9534713379458
,,,,1996,83.2417167415912
,,,,1997,83.9145166818813
,,,,1998,86.1178387613365
,,,,1999,88.5751187451122
,,,,2000,88.8317030519762
,,,,2001,92.4087876440164
,,,,2002,92.3541472931744
,,,,2003,90.9812038044889
,,,,2004,88.4140304977674
,,,,2005,88.4384194340228
,,,,2006,86.8969826087493
,,,,2007,84.2424940643585
,,,,2008,83.8079915902897
,,,,2009,83.3611798542449
,,,,2010,82.714874408559
,,,,2011,82.3149960709533
,,,,2012,81.2782064289676
,,,,2013,80.6403670625708
,,,,2014,79.7600520692004
Bibb County,1007,626,Musculoskeletal disorders,1980,3.11204626437104
,,,,1981,3.10033982019494
,,,,1982,3.04527418409961
,,,,1983,3.07060699695671
,,,,1984,3.09657635516862
,,,,1985,3.14665010754789
,,,,1986,3.12849383789825
,,,,1987,3.15332933760239
,,,,1988,3.19626133718293
,,,,1989,3.24272586376773
,,,,1990,3.2564452341231
,,,,1991,3.28908852293447
,,,,1992,3.295785915541
,,,,1993,3.40666235706307
,,,,1994,3.4450012104362
,,,,1995,3.52297467921987
,,,,1996,3.56771293707206
,,,,1997,3.58248361771313
,,,,1998,3.63932103232118
,,,,1999,3.79895068392543
,,,,2000,3.78086695297337
,,,,2001,3.87712801922013
,,,,2002,3.8525889223331
,,,,2003,3.72163585513743
,,,,2004,3.56099074600731
,,,,2005,3.52366035669903
,,,,2006,3.42011362508812
,,,,2007,3.27582795051685
,,,,2008,3.26737121557543
,,,,2009,3.18689887587939
,,,,2010,3.13353612454916
,,,,2011,3.07706988365207
,,,,2012,3.03942743526601
,,,,2013,2.98834738546242
,,,,2014,3.06635396115613
Bibb County,1007,640,Other non-communicable diseases,1980,12.0499776658381
,,,,1981,11.9023550153836
,,,,1982,11.687029794716
,,,,1983,11.6221025828296
,,,,1984,11.5923551785522
,,,,1985,11.5776047739923
,,,,1986,11.3961525811154
,,,,1987,11.417930811134
,,,,1988,11.2818703582365
,,,,1989,11.2919915665796
,,,,1990,11.2199566781311
,,,,1991,10.9771523202936
,,,,1992,10.7604606175211
,,,,1993,10.6489126961924
,,,,1994,10.2484637084872
,,,,1995,10.1668006450339
,,,,1996,9.79728810070692
,,,,1997,9.62845633825694
,,,,1998,9.50776037974363
,,,,1999,9.31933619994741
,,,,2000,9.22693620829882
,,,,2001,9.37358153183743
,,,,2002,9.29835093419674
,,,,2003,9.11901350557292
,,,,2004,8.91371818973496
,,,,2005,9.03187352819691
,,,,2006,8.96764257099311
,,,,2007,8.74192360714578
,,,,2008,8.80077146491756
,,,,2009,8.6890637719553
,,,,2010,8.65165323685775
,,,,2011,8.60173942624701
,,,,2012,8.59764099879138
,,,,2013,8.48280758214056
,,,,2014,8.59007205658814
Bibb County,1007,688,Transport injuries,1980,44.0503812946225
,,,,1981,42.1622556821679
,,,,1982,40.7063103227514
,,,,1983,40.4668791922111
,,,,1984,40.9116269383264
,,,,1985,42.3399989080116
,,,,1986,42.1814740151401
,,,,1987,42.5121003233634
,,,,1988,43.1459168983128
,,,,1989,42.121585467451
,,,,1990,41.7414038175464
,,,,1991,41.8784277088877
,,,,1992,40.0572878969944
,,,,1993,40.3723764180673
,,,,1994,41.2013003742689
,,,,1995,40.9982824084052
,,,,1996,40.6689060997184
,,,,1997,40.641075420792
,,,,1998,39.4463703804207
,,,,1999,40.7095833876683
,,,,2000,39.8098125074501
,,,,2001,41.0486640240732
,,,,2002,41.6658622573375
,,,,2003,41.8812429335462
,,,,2004,41.8412309653013
,,,,2005,41.2258270707446
,,,,2006,40.9758950645331
,,,,2007,39.4901095834708
,,,,2008,38.4464587282743
,,,,2009,35.9929279154813
,,,,2010,36.2815774052459
,,,,2011,35.0690111387428
,,,,2012,34.5786958488099
,,,,2013,35.2610689921138
,,,,2014,35.1407962747077
Bibb County,1007,696,Unintentional injuries,1980,43.1237306166896
,,,,1981,41.3992464582963
,,,,1982,40.2286722583881
,,,,1983,39.1092934031293
,,,,1984,37.8219502483319
,,,,1985,38.2086462193698
,,,,1986,37.4078999698396
,,,,1987,36.8115830875771
,,,,1988,35.8770033919866
,,,,1989,34.834810577017
,,,,1990,34.2085759681257
,,,,1991,33.0819658507498
,,,,1992,32.1300405332481
,,,,1993,31.614671168365
,,,,1994,31.8149513540247
,,,,1995,31.5845816676211
,,,,1996,31.1650956094269
,,,,1997,31.1721787804112
,,,,1998,29.6946241443323
,,,,1999,30.259649812697
,,,,2000,29.1054924161918
,,,,2001,29.2205171253431
,,,,2002,29.9448335176712
,,,,2003,29.3644374419325
,,,,2004,28.6202496206448
,,,,2005,28.2635771344592
,,,,2006,28.2204683578171
,,,,2007,27.7615684090286
,,,,2008,27.7945866222568
,,,,2009,27.1535896026959
,,,,2010,27.2474277770226
,,,,2011,26.6807114220088
,,,,2012,26.6992569958388
,,,,2013,26.3961352725845
,,,,2014,26.0740380161118
Bibb County,1007,717,Self-harm and interpersonal violence,1980,26.5579660561487
,,,,1981,25.6643557660243
,,,,1982,25.0812964496165
,,,,1983,24.9267366820267
,,,,1984,24.7858442029972
,,,,1985,25.6131031841451
,,,,1986,25.7444237018806
,,,,1987,26.8503832795887
,,,,1988,25.8551803034685
,,,,1989,26.4620285374344
,,,,1990,26.3409873224847
,,,,1991,26.2465859685572
,,,,1992,26.150075382565
,,,,1993,27.0007505087108
,,,,1994,26.4152027084639
,,,,1995,27.0562984545655
,,,,1996,25.6901616479527
,,,,1997,24.8247437519204
,,,,1998,24.2681120912038
,,,,1999,24.5252050407304
,,,,2000,23.8026330660027
,,,,2001,24.4682168993032
,,,,2002,25.0449255199077
,,,,2003,25.3115824112026
,,,,2004,25.2262798170227
,,,,2005,25.6617664645243
,,,,2006,26.2087828955889
,,,,2007,26.5067251125922
,,,,2008,26.9975612393125
,,,,2009,27.2654056434709
,,,,2010,26.9809011733229
,,,,2011,27.125063498988
,,,,2012,28.061234728709
,,,,2013,27.8563442959258
,,,,2014,29.0618027132775
Bibb County,1007,728,"Forces of nature, war, and legal intervention",1980,0.418509263068255
,,,,1981,0.351170062932957
,,,,1982,0.414849982767923
,,,,1983,0.413644414064753
,,,,1984,0.50902548350599
,,,,1985,0.478707767901625
,,,,1986,0.320931485518026
,,,,1987,0.40080648000455
,,,,1988,0.327066498557697
,,,,1989,0.518698397728269
,,,,1990,0.441785389889859
,,,,1991,0.332524343924735
,,,,1992,0.380688967394768
,,,,1993,0.392537433995694
,,,,1994,0.456973838862302
,,,,1995,0.383984059864361
,,,,1996,0.441458739622179
,,,,1997,0.45671383886263
,,,,1998,0.516080175089289
,,,,1999,0.539225360412697
,,,,2000,0.404207339349272
,,,,2001,1.46966010099852
,,,,2002,0.160607145593886
,,,,2003,0.546902496151335
,,,,2004,0.795368433661012
,,,,2005,2.28293628895186
,,,,2006,0.816387896467582
,,,,2007,1.00160424448557
,,,,2008,0.519083782348648
,,,,2009,0.422508111908963
,,,,2010,0.548170433258546
,,,,2011,1.07982007388377
,,,,2012,0.42651188273096
,,,,2013,0.21461368674404
,,,,2014,0.139525057463753